nbhd,nbhd_name,priority,n,missing_arrival,missing_dispatch,arrival_before_entry,dispatch_before_entry,arrival_before_dispatch,over_24h,no_location,no_neighborhood,nonresidential,duplicate_entries,n_all,not_public,on_scene
BX0502,Mount Hope,Non CIP,101646,0.5036007319520689,0.0,1.9818855659274235e-05,2.9514196328433978e-05,0.0,0.00015855084527419388,0.0,0.0,0.0,0.07591051295673219,171306,0.40664074813491646,0.10231982534178605
BX0403,Mount Eden-Claremont (West),Non Critical,9834,0.2396786658531625,0.0,0.0,0.0,0.0,0.0,0.0,0.0,0.0,0.005592841163310962,12384,0.2059108527131783,0.2059108527131783
BX0402,Highbridge,Non CIP,64201,0.538480709023224,0.0,3.374957813027337e-05,3.1152162738898145e-05,3.374957813027337e-05,0.0,0.0,0.0,0.0,0.09178984751016339,86719,0.25966627843955764,0.08993415514477796
MN1201,Washington Heights (South),Non CIP,127601,0.43588216393288454,0.0,0.0,0.0,0.0,0.0,0.0,0.0,0.0,0.06340859397653624,317143,0.5976546857411326,0.1377769649653311
QN0301,Jackson Heights,Non CIP,121094,0.3527507556113433,0.0,1.2758682283293782e-05,2.4774142401770524e-05,0.0,0.0,0.0,0.0,0.0,0.04139759195335855,307130,0.605723960537883,0.11375638980236381
MN0401,Chelsea-Hudson Yards,Non Critical,15750,0.19187301587301586,0.0,0.00023570081709616594,0.00012698412698412698,7.856693903205531e-05,0.0,0.0,0.0,0.0,0.006984126984126984,16447,0.04237854927950386,0.04237854927950386
MN1002,Harlem (North),Non CIP,180527,0.39806233970541804,0.0,0.0,5.539337606009073e-06,0.0,0.0,0.0,0.0,0.0,0.07173996133542351,424169,0.574398411953726,0.17042735324835148
BK1602,Brownsville,Non CIP,136340,0.43181751503593957,0.0,5.163555624402964e-05,7.334604664808567e-06,3.872666718302223e-05,0.0,0.0,0.0,0.0,0.06740501686959073,373828,0.6352868163968456,0.09830189284911778
MN0301,Chinatown-Two Bridges,Non CIP,62943,0.42873711135471776,0.0,0.0,0.0,0.0,0.0,0.0,0.0,0.0,0.07093719714662472,140507,0.5520294362558449,0.13834897905442434
MN1203,Inwood,Non CIP,58114,0.3589324431290223,0.0,2.684203462622467e-05,1.7207557559280036e-05,0.0,0.0,0.0,0.0,0.0,0.05767973293870668,134682,0.5685095261430629,0.1492627077114982
MN0202,Greenwich Village,Serious,4336,0.05396678966789668,0.0,0.0,0.0,0.0,0.0,0.0,0.0,0.0,0.010378228782287823,4478,0.03171058508262617,0.03171058508262617
BK1103,Gravesend (West),Non CIP,48715,0.3910499846043313,0.0,0.0,0.0,0.0,0.0,0.0,0.0,0.0,0.05273529713640562,87931,0.44598605724943424,0.15591770820302284
BX0902,Soundview-Clason Point,Serious,3153,0.06026006977481763,0.0,0.0003374957813027337,0.0,0.0003374957813027337,0.0,0.0,0.0,0.0,0.02886140183951792,3333,0.054005400540054004,0.054005400540054004
MN0101,Financial District-Battery Park City,Non CIP,103568,0.4286941912559864,0.0,5.070222582771384e-05,9.655492043874556e-06,3.380148388514256e-05,0.0,0.0,0.0,0.0,0.059738529275451875,230835,0.5513332033703727,0.10782160417614313
BK0202,Downtown Brooklyn-DUMBO-Boerum Hill,Serious,6943,0.04925824571510874,0.0,0.0,0.0,0.0,0.0,0.0,0.0,0.0,0.019444044361227136,7247,0.04194839243825031,0.04194839243825031
QN1301,Glen Oaks-Floral Park-New Hyde Park,Non CIP,22523,0.3826310882209297,0.0,0.0,0.0,0.0,0.0,0.0,0.0,0.0,0.06779736269591084,31098,0.2757412052222008,0.13441378866808154
QN1303,Queens Village,Non CIP,61293,0.3069192240549492,0.0,2.353993550057673e-05,4.89452302873085e-05,0.0,0.0,0.0,0.0,0.0,0.06439560798133555,85928,0.2866935108462899,0.14435341215901684
MN0303,East Village,Serious,7348,0.0635547087642896,0.0,0.0,0.0,0.0,0.0,0.0,0.0,0.0,0.01401741970604246,7508,0.021310602024507193,0.021310602024507193
SI0304,Annadale-Huguenot-Prince's Bay-Woodrow,Non CIP,28533,0.41390670451757616,0.0,5.979788315493632e-05,0.0,5.979788315493632e-05,0.0,0.0,0.0,0.0,0.0659937616093646,53072,0.4623718721736509,0.11179152848959903
QN0601,Rego Park,Non CIP,34554,0.2914568501475951,0.0,0.0,0.0,0.0,0.0,0.0,0.0,0.0,0.044683683509868614,62147,0.44399568764381225,0.12340096867105411
QN0905,Woodhaven,Serious,2372,0.02824620573355818,0.0,0.0,0.0,0.0,0.0,0.0,0.0,0.0,0.01812816188870152,2386,0.00586756077116513,0.00586756077116513
QN0707,Flushing-Willets Point,Non Critical,7843,0.10149177610608186,0.0,0.0,0.0,0.0,0.0,0.0,0.0,0.0,0.007267627183475711,8352,0.060943486590038315,0.060943486590038315
BK0901,Crown Heights (South),Critical,1359,0.033112582781456956,0.0,0.0,0.0,0.0,0.0,0.0,0.0,0.0,0.0640176600441501,1746,0.22164948453608246,0.006872852233676976
MN0302,Lower East Side,Serious,7592,0.08113804004214963,0.0,0.0,0.0,0.0,0.0,0.0,0.0,0.0,0.012908324552160169,7826,0.029900332225913623,0.029900332225913623
QN0103,Astoria (Central),Non Critical,4038,0.06983655274888559,0.0,0.0,0.0,0.0,0.0,0.0,0.0,0.0,0.007181773155027241,4086,0.011747430249632892,0.011747430249632892
BX0503,Fordham Heights,Non Critical,9520,0.26974789915966385,0.0,0.0,0.0,0.00014384349827387802,0.0,0.0,0.0,0.0,0.005672268907563025,11945,0.2030138133110088,0.2030138133110088
MN1102,East Harlem (North),Non Critical,16218,0.19157725983475152,0.0,0.0,0.0,0.0,0.0,0.0,0.0,0.0,0.006289308176100629,17183,0.05616015829599022,0.05616015829599022
BX0901,Soundview-Bruckner-Bronx River,Serious,6654,0.049443943492636006,0.0,0.0,0.0,0.0,0.0,0.0,0.0,0.0,0.01848512173128945,6790,0.020029455081001474,0.020029455081001474
BX1101,Pelham Parkway-Van Nest,Non CIP,42681,0.4697874932639816,0.0,0.0,4.685925821794241e-05,0.0,0.0,0.0,0.0,0.0,0.06072959865045336,84261,0.4934667283796774,0.1477433213467678
BK1301,Gravesend (South),Non CIP,37214,0.45018003976997906,0.0,0.0,0.0,0.0,0.0,0.0,0.0,0.0,0.051109797388079754,69107,0.461501729202541,0.1510266687889794
BK0902,Prospect Lefferts Gardens-Wingate,Non Critical,7251,0.11584609019445594,0.0,0.0,0.0,0.0,0.0,0.0,0.0,0.0,0.007860984691766652,7760,0.06559278350515464,0.06559278350515464
BK0501,Cypress Hills,Non Critical,5594,0.20164461923489452,0.0,0.0002239140170174653,0.0,0.0004478280340349306,0.0,0.0,0.0,0.0,0.006256703611011798,5979,0.06439203880247533,0.06439203880247533
SI0103,Rosebank-Shore Acres-Park Hill,Non CIP,28807,0.40389488665949247,0.0,5.8234334963894714e-05,3.4713784843961534e-05,0.0,0.0,0.0,0.0,0.0,0.06071440969208873,63952,0.5495527895921941,0.10748686514886165
MN0402,Hell's Kitchen,Non Critical,14363,0.2562138828935459,0.0,0.00018721332958906674,6.962333774281139e-05,9.360666479453337e-05,0.0,0.0,0.0,0.0,0.005291373668453666,14531,0.011561489229922235,0.011561489229922235
BK1002,Dyker Heights,Serious,1975,0.04,0.0,0.0,0.0,0.0,0.0,0.0,0.0,0.0,0.010126582278481013,1997,0.011016524787180772,0.011016524787180772
BK0505,East New York-City Line,Non Critical,7043,0.2085758909555587,0.0,0.0,0.0,0.0,0.0,0.0,0.0,0.0,0.00539542808462303,7408,0.04927105831533477,0.04927105831533477
MN1202,Washington Heights (North),Serious,6047,0.05672234165702001,0.0,0.0,0.0,0.0,0.0,0.0,0.0,0.0,0.0165371258475277,6158,0.018025332900292304,0.018025332900292304
BK1801,Flatlands,Serious,4353,0.04249942568343671,0.0,0.0002399232245681382,0.00022972662531587412,0.0,0.0,0.0,0.0,0.0,0.014472777394900068,4402,0.01113130395274875,0.01113130395274875
QN0202,Sunnyside,Non Critical,4520,0.0752212389380531,0.0,0.0,0.0,0.0,0.0,0.0,0.0,0.0,0.009070796460176991,4659,0.029834728482506977,0.029834728482506977
BK1503,Sheepshead Bay-Manhattan Beach-Gerritsen Beach,Critical,1297,0.017733230531996914,0.0,0.0,0.0,0.0,0.0,0.0,0.0,0.0,0.058596761757902856,1398,0.07224606580829757,0.004291845493562232
MN0903,Hamilton Heights-Sugar Hill,Non Critical,7474,0.09084827401659085,0.0,0.0,0.0,0.0,0.0,0.0,0.0,0.0,0.007091249665507091,8270,0.0962515114873035,0.0962515114873035
MN0801,Upper East Side-Lenox Hill-Roosevelt Island,Serious,2687,0.06847785634536659,0.0,0.0,0.0,0.0,0.0,0.0,0.0,0.0,0.018608113137327874,2751,0.023264267539076698,0.023264267539076698
BK0204,Clinton Hill,Critical,565,0.02654867256637168,0.0,0.0,0.0,0.0,0.0,0.0,0.0,0.0,0.05132743362831858,659,0.1426403641881639,0.004552352048558422
BX0202,Longwood,Non Critical,8802,0.12122244944330834,0.0,0.0,0.0,0.0,0.0,0.0,0.0,0.0,0.007839127471029312,12045,0.2692403486924035,0.2692403486924035
BX0102,Melrose,Non Critical,13618,0.2382875605815832,0.0,0.0,0.0,0.0,0.0,0.0,0.0,0.0,0.007857247760317227,16946,0.19638852826625752,0.19638852826625752
BK0102,Williamsburg,Non Critical,6667,0.12209389530523473,0.0,0.0,0.0,0.0,0.0,0.0,0.0,0.0,0.008849557522123894,7392,0.09807900432900434,0.09807900432900434
BX0603,Belmont,Critical,2900,0.033448275862068964,0.0,0.0,0.0,0.0,0.0,0.0,0.0,0.0,0.03586206896551724,3587,0.19152495121271257,0.010593810984109284
BK1001,Bay Ridge,Non Critical,6019,0.07077587639142714,0.0,0.0,0.0,0.0,0.0,0.0,0.0,0.0,0.01030071440438611,6104,0.013925294888597641,0.013925294888597641
BK1601,Ocean Hill,Non Critical,9963,0.2290474756599418,0.0,0.0,0.0,0.0,0.0,0.0,0.0,0.0,0.008029709926728896,11340,0.12142857142857143,0.12142857142857143
BK0201,Brooklyn Heights,Non Critical,2028,0.10700197238658778,0.0,0.0,0.0,0.0,0.0,0.0,0.0,0.0,0.0029585798816568047,2098,0.03336510962821735,0.03336510962821735
QN0503,Glendale,Serious,1369,0.030679327976625273,0.0,0.0,0.0,0.0,0.0,0.0,0.0,0.0,0.02483564645726808,1386,0.012265512265512266,0.012265512265512266
QN1306,Springfield Gardens (South)-Brookville,Non Critical,2904,0.08402203856749312,0.0,0.00037593984962406017,0.0,0.00037593984962406017,0.0,0.0,0.0,0.0,0.006198347107438017,2907,0.0010319917440660474,0.0010319917440660474
QN1001,South Ozone Park,Critical,1980,0.013636363636363636,0.0,0.0,0.0,0.0,0.0,0.0,0.0,0.0,0.04393939393939394,2099,0.05669366364935684,0.005717008099094807
QN1101,Auburndale,Serious,700,0.037142857142857144,0.0,0.0,0.0,0.0,0.0,0.0,0.0,0.0,0.03571428571428571,707,0.009900990099009901,0.009900990099009901
QN0904,Ozone Park (North),Serious,1487,0.023537323470073975,0.0,0.0,0.0,0.0,0.0,0.0,0.0,0.0,0.03093476798924008,1499,0.008005336891260841,0.008005336891260841
SI0101,St. George-New Brighton,Critical,1134,0.014991181657848324,0.0,0.0,0.0,0.0,0.0,0.0,0.0,0.0,0.037037037037037035,1514,0.2509907529722589,0.008586525759577279
BK0801,Prospect Heights,Serious,916,0.05240174672489083,0.0,0.0,0.0,0.0,0.0,0.0,0.0,0.0,0.026200873362445413,932,0.017167381974248927,0.017167381974248927
BX0801,Kingsbridge Heights-Van Cortlandt Village,Serious,1763,0.024957458876914352,0.0,0.0,0.0,0.0,0.0,0.0,0.0,0.0,0.0368689733408962,1780,0.009550561797752809,0.009550561797752809
BK0602,Park Slope,Critical,833,0.025210084033613446,0.0,0.0,0.0,0.0,0.0,0.0,0.0,0.0,0.04321728691476591,1059,0.21340887629839472,0.004721435316336166
BX0602,Tremont,Critical,2734,0.029992684711046085,0.0,0.0,0.0,0.0,0.0,0.0,0.0,0.0,0.03730797366495977,3313,0.17476607304557804,0.010262601871415635
SI0104,West New Brighton-Silver Lake-Grymes Hill,Non Critical,3043,0.08347025961222478,0.0,0.0,0.0,0.0,0.0,0.0,0.0,0.0,0.010187315149523497,3055,0.003927986906710311,0.003927986906710311
QN0102,Old Astoria-Hallets Point,Critical,602,0.014950166112956811,0.0,0.0,0.0,0.0,0.0,0.0,0.0,0.0,0.05647840531561462,788,0.23604060913705585,0.007614213197969543
MN0602,Gramercy,Non Critical,4896,0.15706699346405228,0.0,0.0,0.0,0.0,0.0,0.0,0.0,0.0,0.012254901960784314,5035,0.027606752730883814,0.027606752730883814
MN0102,Tribeca-Civic Center,Serious,4900,0.05836734693877551,0.0,0.0,0.0,0.0,0.0,0.0,0.0,0.0,0.013673469387755101,5166,0.051490514905149054,0.051490514905149054
BX1001,Westchester Square,Critical,620,0.02258064516129032,0.0,0.0,0.0,0.0,0.0,0.0,0.0,0.0,0.05806451612903226,747,0.17001338688085676,0.00535475234270415
BK1702,East Flatbush-Farragut,Critical,1017,0.02261553588987217,0.0,0.0,0.0,0.0,0.0,0.0,0.0,0.0,0.03933136676499508,1593,0.3615819209039548,0.003766478342749529
MN0901,Morningside Heights,Serious,2153,0.03855085926614027,0.0,0.0,0.0,0.0,0.0,0.0,0.0,0.0,0.024616813748258245,2199,0.020918599363346977,0.020918599363346977
MN0702,Upper West Side (Central),Critical,1472,0.034646739130434784,0.0,0.0,0.0,0.0,0.0,0.0,0.0,0.0,0.03328804347826087,1698,0.1330977620730271,0.012956419316843345
QN0902,Richmond Hill,Serious,2929,0.026971662683509732,0.0,0.0,0.0,0.0,0.0,0.0,0.0,0.0,0.015363605326049846,2961,0.010807159743329957,0.010807159743329957
BK0402,Bushwick (East),Serious,4325,0.03884393063583815,0.0,0.0,0.0,0.0,0.0,0.0,0.0,0.0,0.024739884393063585,4407,0.01860676196959383,0.01860676196959383
QN1305,Laurelton,Non Critical,1957,0.0802248339294839,0.0,0.0,0.0,0.0,0.0,0.0,0.0,0.0,0.007664793050587634,1959,0.0010209290454313426,0.0010209290454313426
BK0104,East Williamsburg,Non Critical,8361,0.11745006578160506,0.0,0.0,0.0,0.0,0.0,0.0,0.0,0.0,0.013515129769166368,9167,0.08792407548816407,0.08792407548816407
QN0402,Corona,Critical,1490,0.016107382550335572,0.0,0.0,0.0,0.0,0.0,0.0,0.0,0.0,0.03355704697986577,1600,0.06875,0.014375
QN1202,South Jamaica,Serious,3037,0.03424432005268357,0.0,0.0,0.0,0.0,0.0,0.0,0.0,0.0,0.02765887388870596,3059,0.007191892775416803,0.007191892775416803
BX0703,Norwood,Serious,3267,0.042852770125497396,0.0,0.0,0.0,0.0,0.0,0.0,0.0,0.0,0.023262932353841446,3301,0.010299909118448955,0.010299909118448955
SI0106,Port Richmond,Critical,875,0.013714285714285714,0.0,0.0,0.0,0.0,0.0,0.0,0.0,0.0,0.04342857142857143,1280,0.31640625,0.0046875
BK1204,Mapleton-Midwood (West),Critical,436,0.013761467889908258,0.0,0.0,0.0,0.0,0.0,0.0,0.0,0.0,0.020642201834862386,468,0.06837606837606838,0.002136752136752137
BX0201,Hunts Point,Critical,1376,0.030523255813953487,0.0,0.0,0.0,0.0,0.0,0.0,0.0,0.0,0.0501453488372093,1545,0.10938511326860842,0.010355987055016181
QN0702,Whitestone-Beechhurst,Serious,804,0.05099502487562189,0.0,0.0,0.0,0.0,0.0,0.0,0.0,0.0,0.021144278606965175,807,0.0037174721189591076,0.0037174721189591076
QN0101,Astoria (North)-Ditmars-Steinway,Non Critical,3597,0.08646093967194884,0.0,0.00030432136335970786,0.0,0.00030432136335970786,0.0,0.0,0.0,0.0,0.006950236308034473,3630,0.00909090909090909,0.00909090909090909
MN0703,Upper West Side-Manhattan Valley,Non Critical,5869,0.1741352871017209,0.0,0.0,0.0,0.0,0.0,0.0,0.0,0.0,0.008519338899301414,6004,0.022485009993337773,0.022485009993337773
BX0903,Castle Hill-Unionport,Critical,1207,0.029826014913007456,0.0,0.0,0.0,0.0,0.0,0.0,0.0,0.0,0.048053024026512015,1756,0.31264236902050113,0.0056947608200455585
BK1102,Bath Beach,Critical,314,0.009554140127388535,0.0,0.0,0.0,0.0,0.0,0.0,0.0,0.0,0.050955414012738856,422,0.2559241706161137,0.004739336492890996
QN0803,Fresh Meadows-Utopia,Non Critical,1106,0.0949367088607595,0.0,0.0,0.0,0.0,0.0,0.0,0.0,0.0,0.0081374321880651,1110,0.0036036036036036037,0.0036036036036036037
BX1002,Throgs Neck-Schuylerville,Critical,873,0.026345933562428408,0.0,0.0,0.0,0.0,0.0,0.0,0.0,0.0,0.058419243986254296,961,0.09157127991675339,0.007284079084287201
BX0904,Parkchester,Critical,788,0.031725888324873094,0.0,0.0,0.0,0.0,0.0,0.0,0.0,0.0,0.048223350253807105,977,0.19344933469805528,0.009211873080859774
QN0704,Murray Hill-Broadway Flushing,Serious,1321,0.024224072672218017,0.0,0.0,0.0,0.0,0.0,0.0,0.0,0.0,0.02195306585919758,1325,0.0030188679245283017,0.0030188679245283017
SI0301,Oakwood-Richmondtown,Critical,277,0.036101083032490974,0.0,0.0,0.0,0.0,0.0,0.0,0.0,0.0,0.018050541516245487,291,0.048109965635738834,0.0
QN0805,Jamaica Hills-Briarwood,Critical,744,0.028225806451612902,0.0,0.0,0.0,0.0,0.0,0.0,0.0,0.0,0.05510752688172043,805,0.07577639751552795,0.0037267080745341614
BK0703,Sunset Park (Central),Critical,971,0.0411946446961895,0.0,0.0,0.0,0.0,0.0,0.0,0.0,0.0,0.030895983522142123,1224,0.20669934640522875,0.0008169934640522876
BX1202,Eastchester-Edenwald-Baychester,Critical,2163,0.03513638465094776,0.0,0.0,0.0,0.0,0.0,0.0,0.0,0.0,0.045307443365695796,3780,0.42777777777777776,0.003703703703703704
MN0604,East Midtown-Turtle Bay,Critical,770,0.02987012987012987,0.0,0.0,0.0,0.0,0.0,0.0,0.0,0.0,0.046753246753246755,893,0.13773796192609183,0.0167973124300112
BX1003,Pelham Bay-Country Club-City Island,Non Critical,1890,0.09894179894179894,0.0,0.0,0.0,0.0,0.0,0.0,0.0,0.0,0.01216931216931217,1905,0.007874015748031496,0.007874015748031496
SI0201,Grasmere-Arrochar-South Beach-Dongan Hills,Critical,593,0.013490725126475547,0.0,0.0,0.0,0.0,0.0,0.0,0.0,0.0,0.06239460370994941,646,0.08204334365325078,0.007739938080495356
QN1104,Oakland Gardens-Hollis Hills,Critical,220,0.00909090909090909,0.0,0.0,0.0,0.0,0.0,0.0,0.0,0.0,0.06818181818181818,236,0.06779661016949153,0.0
QN0201,Long Island City-Hunters Point,Critical,725,0.019310344827586208,0.0,0.0,0.0,0.0,0.0,0.0,0.0,0.0,0.06620689655172414,799,0.09261576971214018,0.006257822277847309
SI0303,Arden Heights-Rossville,Serious,378,0.026455026455026454,0.0,0.0,0.0,0.0,0.0,0.0,0.0,0.0,0.05555555555555555,379,0.002638522427440633,0.002638522427440633
QN0703,Bay Terrace-Clearview,Serious,367,0.043596730245231606,0.0,0.0,0.0,0.0,0.0,0.0,0.0,0.0,0.04904632152588556,369,0.005420054200542005,0.005420054200542005
QN0705,East Flushing,Serious,750,0.024,0.0,0.0,0.0,0.0,0.0,0.0,0.0,0.0,0.025333333333333333,755,0.006622516556291391,0.006622516556291391
QN1302,Bellerose,Critical,334,0.02694610778443114,0.0,0.0,0.0,0.0,0.0,0.0,0.0,0.0,0.05688622754491018,357,0.06442577030812324,0.0056022408963585435
QN0903,South Richmond Hill,Critical,664,0.016566265060240965,0.0,0.0,0.0,0.0,0.0,0.0,0.0,0.0,0.0286144578313253,681,0.024963289280469897,0.0
BX1202,Eastchester-Edenwald-Baychester,Non CIP,86882,0.4426693676480744,0.0,0.0,2.3019727906816143e-05,0.0,0.0,0.0,0.0,0.0,0.06790819732510761,151023,0.42471014348807795,0.06303013448282711
BX0904,Parkchester,Non CIP,39760,0.48993963782696176,0.0,0.0,0.0,0.0,4.930966469428008e-05,0.0,0.0,0.0,0.07580482897384305,70709,0.4376953428842156,0.06017621519184262
BK0703,Sunset Park (Central),Non CIP,50447,0.4199456855709953,0.0,0.0,0.0,0.0,0.0,0.0,0.0,0.0,0.054056732808690305,92245,0.4531194102661391,0.16147216651309015
QN1001,South Ozone Park,Non CIP,98951,0.282857171731463,0.0,0.0,1.0106012066578408e-05,1.4092049265804233e-05,2.8184098531608467e-05,0.0,0.0,0.0,0.05895847439641843,163529,0.39490243320756563,0.06787175363391203
QN0102,Old Astoria-Hallets Point,Non CIP,22285,0.3030289432353601,0.0,0.0,4.487323311644604e-05,0.0,0.0,0.0,0.0,0.0,0.07381646847655374,49118,0.5462966733173175,0.09721487031230913
BK1503,Sheepshead Bay-Manhattan Beach-Gerritsen Beach,Non CIP,80563,0.38830480493526803,0.0,0.0,0.0,0.0,0.0,0.0,0.0,0.0,0.05594379553889502,151306,0.467549204922475,0.1002339629624734
BK0901,Crown Heights (South),Non CIP,66065,0.36719897071066376,0.0,0.0,0.0,0.0,0.0,0.0,0.0,0.0,0.06481495496859153,147592,0.5523808878530002,0.13876768388530544
BX0603,Belmont,Non CIP,84045,0.46890356356713664,0.0,8.961376467425397e-05,2.3796775536914748e-05,6.721032350569047e-05,2.2403441168563492e-05,0.0,0.0,0.0,0.06647629246237134,134221,0.37383121866175933,0.1436660433166196
MN0604,East Midtown-Turtle Bay,Non CIP,84243,0.5623731348598696,0.0,0.0,1.1870422468335647e-05,0.0,0.0,0.0,0.0,0.0,0.054152867300547226,236088,0.6431711904035783,0.07809376164819898
BX0201,Hunts Point,Non CIP,58530,0.4467965146078934,0.0,0.0,0.0,0.0,0.0,0.0,0.0,0.0,0.05405774816333504,117149,0.5003798581293908,0.14620696719562268
BK1702,East Flatbush-Farragut,Non CIP,45374,0.36077930092123245,0.0,6.895600606812854e-05,0.0,6.895600606812854e-05,0.0,0.0,0.0,0.0,0.04943359633270155,81295,0.44185989298234823,0.13249277323328618
QN0201,Long Island City-Hunters Point,Non CIP,55669,0.31884891052470854,0.0,7.911601044331338e-05,0.0,7.911601044331338e-05,0.0,0.0,0.0,0.0,0.05326124054680343,144441,0.6145900402240361,0.08385430729502011
SI0201,Grasmere-Arrochar-South Beach-Dongan Hills,Non CIP,42691,0.34306996790892696,0.0,3.565697985380638e-05,0.0,3.565697985380638e-05,0.0,0.0,0.0,0.0,0.08210161392330936,71031,0.39898072672495105,0.1346032014190987
BX0602,Tremont,Non CIP,85692,0.48533118610838816,0.0,0.0,0.0,2.2674194499240414e-05,2.2674194499240414e-05,0.0,0.0,0.0,0.07849040750595154,126428,0.32220710602081815,0.09726484639478597
MN0502,Midtown-Times Square,Serious,18353,0.133111752846946,0.0,0.0,0.0,0.0,0.0,0.0,0.0,0.0,0.01318585517354111,19805,0.07331481949002777,0.07331481949002777
BX0903,Castle Hill-Unionport,Non CIP,61780,0.4486565231466494,0.0,0.0,1.618646811265782e-05,0.0,5.8716458223239976e-05,0.0,0.0,0.0,0.05888637099384914,94059,0.3431782179270458,0.1187020912406043
BX1002,Throgs Neck-Schuylerville,Non CIP,52826,0.4124673456252603,0.0,0.0,0.0,0.0,0.0,0.0,0.0,0.0,0.061617385378412146,83745,0.3692041315899457,0.2069377276255299
BK1204,Mapleton-Midwood (West),Non CIP,33202,0.34832239021745676,0.0,9.243425613532376e-05,3.011866755014758e-05,4.621712806766188e-05,0.0,0.0,0.0,0.0,0.037889283778085654,57649,0.4240663324602335,0.11604711269926625
QN0903,South Richmond Hill,Non CIP,26490,0.2836919592298981,0.0,0.0,3.775009437523594e-05,5.270092226613966e-05,0.0,0.0,0.0,0.0,0.05738014345035863,33928,0.2192289554350389,0.05269983494458854
QN0502,Ridgewood,Non Critical,5162,0.07342115459124371,0.0,0.0002090738030524775,0.0,0.0002090738030524775,0.0,0.0,0.0,0.0,0.010073614877954282,5269,0.02030745872081989,0.02030745872081989
SI0101,St. George-New Brighton,Non CIP,50320,0.372714626391097,0.0,0.0,0.0,0.0,0.0,0.0,0.0,0.0,0.07501987281399046,138492,0.6366577130809,0.10431649481558501
MN0702,Upper West Side (Central),Non CIP,109494,0.39975706431402636,0.0,1.521537361349908e-05,0.0,1.521537361349908e-05,0.0,0.0,0.0,0.0,0.06929146802564524,284319,0.6148903168623975,0.13878425289903243
BX1103,Pelham Gardens,Non Critical,2041,0.14502694757471826,0.0,0.0,0.0,0.0,0.0,0.0,0.0,0.0,0.007839294463498285,2124,0.039077212806026364,0.039077212806026364
QN1104,Oakland Gardens-Hollis Hills,Non CIP,20961,0.36911406898525834,0.0,0.0,0.0,0.0,0.0,0.0,0.0,0.0,0.05681980821525691,34486,0.39218813431537436,0.14750913414139072
BK1704,East Flatbush-Remsen Village,Non Critical,6914,0.08894995660977727,0.0,0.0,0.0,0.0,0.0,0.0,0.0,0.0,0.004483656349435927,6936,0.0031718569780853517,0.0031718569780853517
SI0106,Port Richmond,Non CIP,35517,0.35338007151504913,0.0,4.3542628233040145e-05,0.0,4.3542628233040145e-05,0.0,0.0,0.0,0.0,0.06571500971365825,76856,0.5378760278963256,0.1051186634745498
BK0302,Bedford-Stuyvesant (East),Non Critical,13263,0.11279499359119355,0.0,0.0,0.0,0.0,0.0,0.0,0.0,0.0,0.009123124481640654,14595,0.09126413155190134,0.09126413155190134
QN0402,Corona,Non CIP,70196,0.33973445780386347,0.0,0.0,1.4245825972989915e-05,0.0,0.0,0.0,0.0,0.0,0.05017379907687048,104131,0.32588758390873035,0.11673757094429132
BK0204,Clinton Hill,Non CIP,31195,0.3178073409200192,0.0,0.0,0.0,0.0,0.0,0.0,0.0,0.0,0.04939894213816317,86194,0.6380838573450588,0.13181892011044852
BK0602,Park Slope,Non CIP,66777,0.4457373047606212,0.0,0.0,1.4975216017491053e-05,0.0,0.0,0.0,0.0,0.0,0.05313206643005825,200208,0.666461879645169,0.1563324142891393
SI0301,Oakwood-Richmondtown,Non CIP,15533,0.3826047769265435,0.0,0.0,0.0,0.0,0.0,0.0,0.0,0.0,0.06521599175947981,24142,0.3565984591168917,0.11457211498633088
QN0805,Jamaica Hills-Briarwood,Non CIP,51037,0.36048357074279447,0.0,6.127638714421397e-05,0.0,6.127638714421397e-05,0.0,0.0,0.0,0.0,0.0903070321531438,111611,0.542724283448764,0.09916585282812626
BX1001,Westchester Square,Non CIP,28742,0.395101245563983,0.0,0.0,3.479229002852968e-05,5.7517542850569426e-05,5.7517542850569426e-05,0.0,0.0,0.0,0.06989771066731612,55686,0.4838559063319326,0.10225191250942786
BK1101,Bensonhurst,Non Critical,5430,0.09613259668508287,0.0,0.0,0.0,0.0,0.0,0.0,0.0,0.0,0.013996316758747698,5659,0.04046651351828945,0.04046651351828945
BK1401,Flatbush,Non Critical,9155,0.09437465865647188,0.0,0.0,0.0,0.0,0.0,0.0,0.0,0.0,0.004696886947023485,9634,0.04971974257836828,0.04971974257836828
BK1102,Bath Beach,Non CIP,31115,0.3913867909368472,0.0,0.0,0.0,5.280667476369013e-05,0.0,0.0,0.0,0.0,0.05212919813594729,50765,0.387077711021373,0.16479858169999015
MN0802,Upper East Side-Carnegie Hill,Serious,7513,0.07999467589511514,0.0,0.0,0.0,0.0,0.0,0.0,0.0,0.0,0.01490749367762545,7915,0.050789639924194566,0.050789639924194566
MN1101,East Harlem (South),Non Critical,9540,0.14612159329140462,0.0,0.0,0.0,0.0,0.0,0.0,0.0,0.0,0.01079664570230608,9772,0.02374130167826443,0.02374130167826443
BX1101,Pelham Parkway-Van Nest,Critical,1079,0.020389249304911955,0.0,0.0,0.0009267840593141798,0.0,0.0,0.0,0.0,0.0,0.04170528266913809,1177,0.08326253186066271,0.005097706032285472
BX1104,Allerton,Non Critical,5170,0.1450676982591876,0.0,0.0,0.0,0.0,0.0,0.0,0.0,0.0,0.00793036750483559,5390,0.04081632653061224,0.04081632653061224
QN1302,Bellerose,Non CIP,36411,0.3814231962868364,0.0,0.0,2.746422784323419e-05,0.0,0.0,0.0,0.0,0.0,0.1255664496992667,48361,0.2470999358987614,0.10076301151754513
MN0902,Manhattanville-West Harlem,Non Critical,3685,0.09497964721845319,0.0,0.0002998500749625187,0.0,0.0002998500749625187,0.0,0.0,0.0,0.0,0.011397557666214383,3884,0.051235839340885686,0.051235839340885686
BK1803,Canarsie,Non Critical,8127,0.05364833271810016,0.0,0.0001300221037576388,0.0,0.0001300221037576388,0.0,0.0,0.0,0.0,0.010458963947336041,8265,0.016696914700544463,0.016696914700544463
QN1203,Baisley Park,Non Critical,4480,0.06941964285714286,0.0,0.0,0.0,0.0,0.0,0.0,0.0,0.0,0.005580357142857143,4490,0.0022271714922048997,0.0022271714922048997
SI0304,Annadale-Huguenot-Prince's Bay-Woodrow,Critical,383,0.007832898172323759,0.0,0.0,0.0,0.0,0.0,0.0,0.0,0.0,0.05483028720626632,406,0.05665024630541872,0.0
SI0202,New Dorp-Midland Beach,Serious,1090,0.024770642201834864,0.0,0.0,0.0,0.0,0.0,0.0,0.0,0.0,0.025688073394495414,1117,0.024171888988361683,0.024171888988361683
QN1401,Far Rockaway-Bayswater,Non Critical,8266,0.0650858940237116,0.0,0.00012939958592132506,0.0,0.00012939958592132506,0.0,0.0,0.0,0.0,0.008105492378417614,9191,0.10064193232510064,0.10064193232510064
MN0701,Upper West Side-Lincoln Square,Non Critical,5653,0.16822925880063683,0.0,0.0,0.0,0.0,0.0,0.0,0.0,0.0,0.0104369361401026,6519,0.1328424605000767,0.1328424605000767
QN0104,Astoria (East)-Woodside (North),Serious,3101,0.03192518542405676,0.0,0.0,0.0,0.0,0.0,0.0,0.0,0.0,0.017736214124475975,3166,0.02053063802905875,0.02053063802905875
BK1403,Midwood,Non Critical,3386,0.09273479031305375,0.0,0.0,0.00029533372711163615,0.0,0.0,0.0,0.0,0.0,0.007974010632014175,3450,0.01855072463768116,0.01855072463768116
BK0401,Bushwick (West),Non Critical,8886,0.1058969164978618,0.0,0.0,0.0,0.0,0.0,0.0,0.0,0.0,0.00753995048390727,9926,0.10477533749748136,0.10477533749748136
BK1802,Marine Park-Mill Basin-Bergen Beach,Serious,2466,0.044201135442011354,0.0,0.0,0.0,0.0,0.0,0.0,0.0,0.0,0.015004055150040552,2524,0.022979397781299524,0.022979397781299524
BX0701,University Heights (North)-Fordham,Serious,5171,0.06710500870237865,0.0,0.0,0.0,0.0,0.0,0.0,0.0,0.0,0.018371688261458134,5449,0.051018535511102955,0.051018535511102955
QN0203,Woodside,Non Critical,4073,0.06874539651362632,0.0,0.0,0.0,0.0,0.0,0.0,0.0,0.0,0.006629020378099681,4200,0.030238095238095238,0.030238095238095238
BX1201,Williamsbridge-Olinville,Non Critical,10366,0.15492957746478872,0.0,0.0,0.0,0.0,0.0,0.0,0.0,0.0,0.006174030484275516,12127,0.14521316071575824,0.14521316071575824
QN1307,Rosedale,Non Critical,2057,0.08847836655323287,0.0,0.0,0.0,0.0,0.0,0.0,0.0,0.0,0.008750607681088965,2065,0.00387409200968523,0.00387409200968523
QN1403,Breezy Point-Belle Harbor-Rockaway Park-Broad Channel,Serious,2059,0.026226323457989316,0.0,0.0,0.0,0.0,0.0,0.0,0.0,0.0,0.016027197668771247,2084,0.01199616122840691,0.01199616122840691
MN0201,SoHo-Little Italy-Hudson Square,Serious,6556,0.06162294081757169,0.0,0.0,0.0,0.0,0.0,0.0,0.0,0.0,0.012202562538133009,7021,0.06622988178322177,0.06622988178322177
BX0402,Highbridge,Critical,2039,0.04315841098577734,0.0,0.0,0.0,0.0,0.0,0.0,0.0,0.0,0.04315841098577734,2543,0.19819111285882815,0.006685017695635077
QN0105,Queensbridge-Ravenswood-Dutch Kills,Serious,3683,0.02932392071680695,0.0,0.0002797202797202797,0.0,0.0002797202797202797,0.0,0.0,0.0,0.0,0.028509367363562313,3714,0.00834679590737749,0.00834679590737749
BK0503,East New York-New Lots,Serious,5919,0.07298530157121136,0.0,0.0,0.0,0.0,0.0,0.0,0.0,0.0,0.024159486399729684,5982,0.01053159478435306,0.01053159478435306
BX0303,Crotona Park East,Non Critical,7057,0.19994331869066176,0.0,0.0,0.0,0.0,0.0,0.0,0.0,0.0,0.009919229134193,7931,0.11020047913251797,0.11020047913251797
MN1001,Harlem (South),Non Critical,13523,0.22554166974783701,0.0,0.0,0.0,0.0,0.0,0.0,0.0,0.0,0.004658729571840568,14447,0.06395791513809096,0.06395791513809096
BK0802,Crown Heights (North),Non Critical,12769,0.11081525569739212,0.0,0.0,0.0,0.0,0.0,0.0,0.0,0.0,0.00783146683373796,14343,0.10973994282925469,0.10973994282925469
SI0103,Rosebank-Shore Acres-Park Hill,Critical,574,0.012195121951219513,0.0,0.001763668430335097,0.0017421602787456446,0.0,0.0,0.0,0.0,0.0,0.05226480836236934,783,0.2669220945083014,0.002554278416347382
QN0301,Jackson Heights,Critical,2595,0.024277456647398842,0.0,0.00039494470774091627,0.0003853564547206166,0.0,0.0,0.0,0.0,0.0,0.03275529865125241,2906,0.10701995870612525,0.02064693737095664
BX1102,Morris Park,Non Critical,1915,0.19321148825065274,0.0,0.0,0.0,0.0,0.0,0.0,0.0,0.0,0.006788511749347258,1937,0.011357769747031492,0.011357769747031492
BK1602,Brownsville,Critical,3999,0.04376094023505876,0.0,0.0,0.0,0.0,0.0,0.0,0.0,0.0,0.05476369092273068,5733,0.3024594453165882,0.008023722309436595
MN0301,Chinatown-Two Bridges,Critical,1020,0.03137254901960784,0.0,0.0,0.0,0.0,0.0,0.0,0.0,0.0,0.06764705882352941,1160,0.1206896551724138,0.006896551724137931
SI0102,Tompkinsville-Stapleton-Clifton-Fox Hills,Serious,1984,0.027721774193548387,0.0,0.0,0.0,0.0,0.0,0.0,0.0,0.0,0.03125,2012,0.013916500994035786,0.013916500994035786
QN0901,Kew Gardens,Non Critical,1606,0.047322540473225407,0.0,0.0,0.0,0.0,0.0,0.0,0.0,0.0,0.0018679950186799503,1609,0.0018645121193287756,0.0018645121193287756
QN1002,Ozone Park,Serious,2172,0.03268876611418048,0.0,0.0,0.0,0.0,0.0,0.0,0.0,0.0,0.020718232044198894,2205,0.014965986394557823,0.014965986394557823
QN0801,Kew Gardens Hills,Serious,987,0.047619047619047616,0.0,0.0,0.0,0.0,0.0,0.0,0.0,0.0,0.03850050658561297,993,0.006042296072507553,0.006042296072507553
BK1103,Gravesend (West),Critical,665,0.01804511278195489,0.0,0.0,0.0,0.0,0.0,0.0,0.0,0.0,0.042105263157894736,909,0.2684268426842684,0.0022002200220022
QN1003,Howard Beach-Lindenwood,Serious,1668,0.042565947242206234,0.0,0.0,0.0,0.0,0.0,0.0,0.0,0.0,0.019184652278177457,1677,0.005366726296958855,0.005366726296958855
BK0601,Carroll Gardens-Cobble Hill-Gowanus-Red Hook,Serious,3416,0.035421545667447304,0.0,0.0,0.0,0.0,0.0,0.0,0.0,0.0,0.016100702576112413,3487,0.020361342127903644,0.020361342127903644
MN1002,Harlem (North),Critical,4273,0.038146501287151885,0.0,0.0,0.0,0.0,0.0,0.0,0.0,0.0,0.0454013573601685,5901,0.2758854431452296,0.0071174377224199285
QN1402,Rockaway Beach-Arverne-Edgemere,Non Critical,5703,0.05576012624934245,0.0,0.0,0.0,0.0,0.0,0.0,0.0,0.0,0.008942661756970016,5949,0.04135148764498235,0.04135148764498235
BX0601,West Farms,Non Critical,4521,0.17673081176730812,0.0,0.0,0.0,0.0,0.0,0.0,0.0,0.0,0.010838310108383101,6677,0.3228995057660626,0.3228995057660626
SI0203,Todt Hill-Emerson Hill-Lighthouse Hill-Manor Heights,Non Critical,1278,0.06651017214397496,0.0,0.0,0.0,0.0,0.0,0.0,0.0,0.0,0.02269170579029734,1279,0.0007818608287724785,0.0007818608287724785
BX1004,Co-op City,Serious,2070,0.07391304347826087,0.0,0.0,0.0,0.0,0.0,0.0,0.0,0.0,0.024154589371980676,2226,0.07008086253369272,0.07008086253369272
BK1703,East Flatbush-Rugby,Non Critical,4751,0.09113870764049674,0.0,0.0002315886984715146,0.0,0.0002315886984715146,0.0,0.0,0.0,0.0,0.00589349610608293,4774,0.004817762882279012,0.004817762882279012
BX0502,Mount Hope,Critical,3866,0.06259699948266943,0.0,0.0,0.0,0.0,0.0,0.0,0.0,0.0,0.03310915675116399,4582,0.15626364033173287,0.010475774770842427
SI0302,Great Kills-Eltingville,Serious,962,0.015592515592515593,0.0,0.0,0.0,0.0,0.0,0.0,0.0,0.0,0.0395010395010395,965,0.0031088082901554403,0.0031088082901554403
QN0701,College Point,Non Critical,2644,0.08585476550680787,0.0,0.0,0.0,0.0,0.0,0.0,0.0,0.0,0.004916792738275341,2647,0.0011333585190782018,0.0011333585190782018
MN1203,Inwood,Critical,1416,0.05014124293785311,0.0,0.0,0.0,0.0,0.0,0.0,0.0,0.0,0.05790960451977401,2061,0.3129548762736536,0.017952450266860747
BK0702,Sunset Park (West),Non Critical,6845,0.09963476990504018,0.0,0.0,0.0,0.0,0.0,0.0,0.0,0.0,0.010372534696859021,7674,0.10802710450873078,0.10802710450873078
BK0103,South Williamsburg,Non Critical,1679,0.1405598570577725,0.0,0.0,0.0,0.0,0.0,0.0,0.0,0.0,0.01012507444907683,1712,0.019275700934579438,0.019275700934579438
QN1303,Queens Village,Critical,1057,0.019867549668874173,0.0,0.0,0.0,0.0,0.0,0.0,0.0,0.0,0.03122043519394513,1126,0.06127886323268206,0.0017761989342806395
MN1201,Washington Heights (South),Critical,2655,0.027871939736346517,0.0,0.0,0.0,0.0,0.0,0.0,0.0,0.0,0.03465160075329567,3205,0.17160686427457097,0.01341653666146646
BK1203,Kensington,Serious,1159,0.030198446937014668,0.0,0.0,0.0,0.0,0.0,0.0,0.0,0.0,0.026747195858498704,1165,0.005150214592274678,0.005150214592274678
MN0101,Financial District-Battery Park City,Critical,1105,0.0760180995475113,0.0,0.0,0.0,0.0,0.0,0.0,0.0,0.0,0.06063348416289593,1267,0.12786108918705605,0.014206787687450671
QN0601,Rego Park,Critical,367,0.013623978201634877,0.0,0.0,0.0,0.0,0.0,0.0,0.0,0.0,0.035422343324250684,396,0.07323232323232323,0.005050505050505051
SI0305,Tottenville-Charleston,Serious,713,0.023842917251051893,0.0,0.0,0.0,0.0,0.0,0.0,0.0,0.0,0.029453015427769985,730,0.023287671232876714,0.023287671232876714
QN1103,Douglaston-Little Neck,Serious,368,0.05434782608695652,0.0,0.0,0.0,0.0,0.0,0.0,0.0,0.0,0.043478260869565216,371,0.008086253369272238,0.008086253369272238
BK1301,Gravesend (South),Critical,539,0.03525046382189239,0.0,0.0,0.0,0.0,0.0,0.0,0.0,0.0,0.03339517625231911,957,0.4367816091954023,0.0010449320794148381
QN1301,Glen Oaks-Floral Park-New Hyde Park,Critical,214,0.009345794392523364,0.0,0.0,0.0,0.0,0.0,0.0,0.0,0.0,0.018691588785046728,226,0.05309734513274336,0.004424778761061947
QN0802,Pomonok-Electchester-Hillcrest,Non CIP,41550,0.3630084235860409,0.0,3.778289945970454e-05,2.4067388688327318e-05,3.778289945970454e-05,0.0,0.0,0.0,0.0,0.0641395908543923,63881,0.34957186017751757,0.16499428625099796
QN0303,North Corona,Non CIP,57034,0.34530280183750045,0.0,2.678093197643278e-05,3.506680225830207e-05,2.678093197643278e-05,0.0,0.0,0.0,0.0,0.030595784970368554,152153,0.6251536282557688,0.11180193620894757
MN0501,Midtown South-Flatiron-Union Square,Non CIP,152102,0.4798556232002209,0.0,5.055931239335145e-05,1.9723606527198855e-05,5.055931239335145e-05,0.0,0.0,0.0,0.0,0.052596284072530274,370675,0.589662102920348,0.11578606596074728
BK1701,East Flatbush-Erasmus,Non CIP,76194,0.38699897629734625,0.0,0.0,0.0,0.0,0.0,0.0,0.0,0.0,0.06203900569598656,156697,0.5137494655290146,0.13520360951390262
BK1302,Coney Island-Sea Gate,Non CIP,98085,0.42908701636335833,0.0,1.785778063502268e-05,0.0,1.785778063502268e-05,0.0,0.0,0.0,0.0,0.06446449508079727,283950,0.6545694664553618,0.18525444620531784
BK0701,Windsor Terrace-South Slope,Non CIP,19621,0.46618419040823605,0.0,0.0,0.0,0.0,0.0,0.0,0.0,0.0,0.049844554304061976,38913,0.4957726209749955,0.14660910235653896
MN0901,Morningside Heights,Non Critical,4577,0.1684509504041949,0.0,0.0,0.0,0.0,0.0,0.0,0.0,0.0,0.005025125628140704,5301,0.13657800415016036,0.13657800415016036
QN1201,Jamaica,Non CIP,158436,0.3929725567421546,0.0,2.079542500649857e-05,1.262339367315509e-05,1.0397712503249286e-05,0.0,0.0,0.0,0.0,0.059418314019541014,333188,0.5244846753184388,0.08590045259733244
QN1205,St. Albans,Non CIP,61263,0.31812023570507486,0.0,2.3938334849427872e-05,0.0,2.3938334849427872e-05,2.3938334849427872e-05,0.0,0.0,0.0,0.07107062990712175,87756,0.30189388759742924,0.06392725283741282
MN0803,Upper East Side-Yorkville,Non CIP,58445,0.4300282316708016,0.0,3.0019212295869356e-05,1.711010351612627e-05,9.005763688760806e-05,0.0,0.0,0.0,0.0,0.07015142441611771,98665,0.4076420209800841,0.14849237318197941
BK1501,Gravesend (East)-Homecrest,Non CIP,56954,0.39452891807423535,0.0,2.8998956037582646e-05,7.02321171471714e-05,0.0,0.0,0.0,0.0,0.0,0.04357902868981985,95734,0.40508074456306015,0.11637453778177032
BK1402,Flatbush (West)-Ditmas Park-Parkville,Non CIP,49399,0.4380655478855847,0.0,0.0,2.0243324763659185e-05,0.0,0.0,0.0,0.0,0.0,0.054191380392315636,98907,0.5005510226778691,0.11604840911158967
BX0301,Morrisania,Non CIP,92238,0.5118497799171708,0.0,6.662817039044108e-05,3.252455603981006e-05,2.2209390130147026e-05,0.0,0.0,0.0,0.0,0.08735011600424987,154611,0.40341890292411275,0.08923039111059368
BX0803,Riverdale-Spuyten Duyvil,Non CIP,44678,0.4186848113165316,0.0,3.850300323425227e-05,2.2382380589999552e-05,3.850300323425227e-05,0.0,0.0,0.0,0.0,0.07726397779667846,83328,0.4638296850998464,0.12934427803379417
BK0202,Downtown Brooklyn-DUMBO-Boerum Hill,Non Critical,12338,0.12084616631544821,0.0,0.0,0.0,0.0,0.0,0.0,0.0,0.0,0.008672394229210569,15883,0.22319461058993892,0.22319461058993892
QN0602,Forest Hills,Non CIP,87139,0.2865766189651017,0.0,1.6085704634291504e-05,0.0,1.6085704634291504e-05,0.0,0.0,0.0,0.0,0.05208919083303687,175808,0.5043513378230797,0.12948216235893703
BX0401,Concourse-Concourse Village,Non CIP,153284,0.5290376034028339,0.0,2.7704284467592912e-05,1.95715143133008e-05,0.0,1.3852142233796456e-05,0.0,0.0,0.0,0.06342475405130346,387208,0.6041300799570257,0.14715863308609325
BK0203,Fort Greene,Non CIP,77199,0.3321804686589204,0.0,0.0,0.0,0.0,0.0,0.0,0.0,0.0,0.0584463529320328,244565,0.6843415860814098,0.12366855437204834
BK1001,Bay Ridge,Serious,4442,0.03309320126069338,0.0,0.0,0.0,0.0,0.0,0.0,0.0,0.0,0.01981089599279604,4529,0.019209538529476707,0.019209538529476707
BX0802,Kingsbridge-Marble Hill,Critical,768,0.0234375,0.0,0.0,0.0,0.0,0.0,0.0,0.0,0.0,0.04296875,922,0.16702819956616052,0.013015184381778741
BX0302,Claremont Village-Claremont (East),Critical,1559,0.048749198203976905,0.0,0.0,0.0,0.0,0.0,0.0,0.0,0.0,0.05003207184092367,2112,0.2618371212121212,0.008522727272727272
QN1102,Bayside,Non CIP,34516,0.35644338857341523,0.0,0.0,0.0,0.0,0.0,0.0,0.0,0.0,0.047832889094912505,58748,0.41247361612310207,0.20518145298563356
QN0504,Middle Village,Non CIP,23508,0.3295899268334184,0.0,0.0,0.0,0.0,0.0,0.0,0.0,0.0,0.05249276841926153,33600,0.3003571428571429,0.09196428571428572
MN1102,East Harlem (North),Serious,7562,0.06506215286961121,0.0,0.0,0.0,0.0,0.0,0.0,0.0,0.0,0.022348585030415234,7876,0.039867953275774505,0.039867953275774505
QN1304,Cambria Heights,Non CIP,23194,0.31740967491592653,0.0,0.0,0.0,0.0,0.0,0.0,0.0,0.0,0.061567646805208244,42347,0.45228705693437554,0.11946536944765863
MN0603,Murray Hill-Kips Bay,Non CIP,99471,0.5289984015441687,0.0,0.0,1.0053181329231636e-05,0.0,2.134426159527011e-05,0.0,0.0,0.0,0.07149822561349539,170759,0.41747726327748463,0.1511779759778401
MN0302,Lower East Side,Non Critical,10184,0.1860761979575805,0.0,0.00012064181445288937,9.819324430479184e-05,0.0,0.0,0.0,0.0,0.0,0.0075608798114689705,10929,0.06816726141458505,0.06816726141458505
BX0702,Bedford Park,Non CIP,86518,0.4228830994706304,0.0,2.0027638140634075e-05,2.311657689729305e-05,0.0,2.0027638140634075e-05,0.0,0.0,0.0,0.07121061513211124,158642,0.45463370355895666,0.11451570202090242
BX0901,Soundview-Bruckner-Bronx River,Non Critical,10203,0.14005684602567872,0.0,0.0,0.0,0.0,0.0,0.0,0.0,0.0,0.007938841517200824,11428,0.10719285964298216,0.10719285964298216
SI0107,Mariner's Harbor-Arlington-Graniteville,Non CIP,45051,0.36693969057290626,0.0,0.0,0.0,0.0,0.0,0.0,0.0,0.0,0.06714612328250205,108850,0.586118511713367,0.08124942581534221
BX0102,Melrose,Serious,7075,0.0846643109540636,0.0,0.0,0.0,0.0,0.0,0.0,0.0,0.0,0.02247349823321555,7697,0.0808107054696635,0.0808107054696635
QN0904,Ozone Park (North),Non Critical,2135,0.05667447306791569,0.0,0.0,0.0,0.0,0.0,0.0,0.0,0.0,0.005620608899297424,2141,0.0028024287716020553,0.0028024287716020553
QN1202,South Jamaica,Non Critical,5704,0.11115007012622721,0.0,0.0,0.0,0.0,0.0,0.0,0.0,0.0,0.007363253856942496,5713,0.0015753544547523193,0.0015753544547523193
MN0401,Chelsea-Hudson Yards,Serious,10823,0.0800147833317934,0.0,0.0,0.0,0.0,0.0,0.0,0.0,0.0,0.017185623209830917,11162,0.030370901272173446,0.030370901272173446
MN0801,Upper East Side-Lenox Hill-Roosevelt Island,Non Critical,4042,0.1541316180108857,0.0,0.0,0.0,0.0,0.0,0.0,0.0,0.0,0.008906481939633844,4084,0.01028403525954946,0.01028403525954946
QN0202,Sunnyside,Serious,3465,0.031457431457431455,0.0,0.0,0.0,0.0,0.0,0.0,0.0,0.0,0.01818181818181818,3499,0.009717062017719349,0.009717062017719349
MN0202,Greenwich Village,Non Critical,5770,0.1265164644714038,0.0,0.0,0.0,0.0,0.0,0.0,0.0,0.0,0.005719237435008666,6039,0.0445437986421593,0.0445437986421593
SI0105,Westerleigh-Castleton Corners,Critical,367,0.027247956403269755,0.0,0.0,0.0,0.0,0.0,0.0,0.0,0.0,0.04904632152588556,460,0.20217391304347826,0.004347826086956522
BX0403,Mount Eden-Claremont (West),Serious,5211,0.07618499328343888,0.0,0.0,0.0,0.0,0.0,0.0,0.0,0.0,0.021684897332565727,5313,0.019198193111236588,0.019198193111236588
BK0402,Bushwick (East),Non Critical,8267,0.1088665779605661,0.0,0.0,0.0,0.0,0.0,0.0,0.0,0.0,0.009072214830047175,9833,0.1592596359198617,0.1592596359198617
MN0303,East Village,Non Critical,11265,0.14398579671549044,0.0,0.0,0.0,0.0,0.0,0.0,0.0,0.0,0.011096316023080338,11669,0.034621647099151595,0.034621647099151595
QN0905,Woodhaven,Non Critical,3142,0.05919796308084023,0.0,0.0,0.0,0.0,0.0,0.0,0.0,0.0,0.010184595798854232,3165,0.0072669826224328595,0.0072669826224328595
BK1303,Brighton Beach,Critical,679,0.017673048600883652,0.0,0.0,0.0,0.0,0.0,0.0,0.0,0.0,0.025036818851251842,782,0.13171355498721227,0.0025575447570332483
BK0102,Williamsburg,Serious,4530,0.048344370860927154,0.0,0.0,0.0,0.0,0.0,0.0,0.0,0.0,0.017439293598233995,4627,0.020963907499459693,0.020963907499459693
QN0902,Richmond Hill,Non Critical,3843,0.06791569086651054,0.0,0.00027917364600781687,0.0,0.00027917364600781687,0.0,0.0,0.0,0.0,0.005724694249284413,3858,0.0038880248833592537,0.0038880248833592537
BK0801,Prospect Heights,Non Critical,1834,0.10850599781897492,0.0,0.0,0.0,0.0,0.0,0.0,0.0,0.0,0.009814612868047983,1891,0.030142781597038603,0.030142781597038603
QN0706,Queensboro Hill,Non CIP,23019,0.31491376688822276,0.0,0.0,0.0,0.0,0.0,0.0,0.0,0.0,0.03662192102176463,30179,0.23725106862387754,0.09834653235693694
MN0402,Hell's Kitchen,Serious,7814,0.1076273355515741,0.0,0.0,0.0,0.0,0.0,0.0,0.0,0.0,0.018684412592782185,8048,0.02907554671968191,0.02907554671968191
BK1801,Flatlands,Non Critical,5070,0.07652859960552268,0.0,0.0,0.0,0.0,0.0,0.0,0.0,0.0,0.003155818540433925,5081,0.002164928163747294,0.002164928163747294
QN0103,Astoria (Central),Serious,2620,0.035114503816793895,0.0,0.0,0.0,0.0,0.0,0.0,0.0,0.0,0.016793893129770993,2645,0.00945179584120983,0.00945179584120983
BX0801,Kingsbridge Heights-Van Cortlandt Village,Non Critical,3413,0.10958101377087606,0.0,0.0,0.0,0.0,0.0,0.0,0.0,0.0,0.009961910342806914,3424,0.0032126168224299065,0.0032126168224299065
BX1003,Pelham Bay-Country Club-City Island,Serious,1300,0.045384615384615384,0.0,0.0,0.0,0.0,0.0,0.0,0.0,0.0,0.023846153846153847,1319,0.014404852160727824,0.014404852160727824
QN0804,Jamaica Estates-Holliswood,Critical,565,0.01592920353982301,0.0,0.0,0.0,0.0,0.0,0.0,0.0,0.0,0.024778761061946902,609,0.0722495894909688,0.0016420361247947454
BK0201,Brooklyn Heights,Serious,1752,0.06506849315068493,0.0,0.0,0.0,0.0,0.0,0.0,0.0,0.0,0.010273972602739725,1781,0.016282987085906794,0.016282987085906794
BK0104,East Williamsburg,Serious,4256,0.0368890977443609,0.0,0.0,0.0,0.0,0.0,0.0,0.0,0.0,0.025140977443609023,4358,0.023405231757687012,0.023405231757687012
QN0704,Murray Hill-Broadway Flushing,Non Critical,2350,0.08212765957446809,0.0,0.0,0.0,0.0,0.0,0.0,0.0,0.0,0.006382978723404255,2351,0.0004253509145044662,0.0004253509145044662
BK0301,Bedford-Stuyvesant (West),Critical,3832,0.031315240083507306,0.0,0.0,0.0,0.0,0.0,0.0,0.0,0.0,0.04592901878914405,4746,0.19258322798145808,0.004214075010535188
BK0502,East New York (North),Critical,2825,0.036106194690265485,0.0,0.0,0.0,0.0,0.0,0.0,0.0,0.0,0.04353982300884956,3771,0.25086184036064707,0.007425086184036065
QN0707,Flushing-Willets Point,Serious,5579,0.03656569277648324,0.0,0.0,0.0,0.0,0.0,0.0,0.0,0.0,0.013801756587202008,5791,0.03660853047832844,0.03660853047832844
QN1101,Auburndale,Non Critical,1178,0.07640067911714771,0.0,0.0,0.0,0.0,0.0,0.0,0.0,0.0,0.014431239388794566,1179,0.0008481764206955047,0.0008481764206955047
QN0703,Bay Terrace-Clearview,Non Critical,577,0.07972270363951472,0.0,0.0,0.0,0.0,0.0,0.0,0.0,0.0,0.010398613518197574,577,0.0,0.0
BX0902,Soundview-Clason Point,Non Critical,3509,0.1273867198632089,0.0,0.0,0.0,0.0,0.0,0.0,0.0,0.0,0.016813907096038756,3531,0.006230529595015576,0.006230529595015576
BX0703,Norwood,Non Critical,6152,0.1397919375812744,0.0,0.0,0.0,0.0,0.0,0.0,0.0,0.0,0.006664499349804942,6562,0.06248095092959464,0.06248095092959464
BK1601,Ocean Hill,Serious,5668,0.09932956951305576,0.0,0.0,0.0,0.0,0.0,0.0,0.0,0.0,0.022230063514467185,5792,0.021408839779005526,0.021408839779005526
MN0703,Upper West Side-Manhattan Valley,Serious,5822,0.27533493644795604,0.0,0.0,0.0,0.0,0.0,0.0,0.0,0.0,0.012538646513225695,5981,0.02658418324694867,0.02658418324694867
MN1202,Washington Heights (North),Non Critical,7155,0.10538085255066387,0.0,0.0,0.0,0.0,0.0,0.0,0.0,0.0,0.008106219426974143,7441,0.03843569412713345,0.03843569412713345
BK0505,East New York-City Line,Serious,3885,0.055855855855855854,0.0,0.0,0.0,0.0,0.0,0.0,0.0,0.0,0.022136422136422137,3923,0.009686464440479225,0.009686464440479225
MN0903,Hamilton Heights-Sugar Hill,Serious,3834,0.03103808033385498,0.0,0.0,0.0,0.0,0.0,0.0,0.0,0.0,0.017214397496087636,3935,0.025667090216010165,0.025667090216010165
MN0602,Gramercy,Serious,3205,0.08081123244929797,0.0,0.0,0.0,0.0,0.0,0.0,0.0,0.0,0.021216848673946957,3259,0.016569499846578704,0.016569499846578704
BX0503,Fordham Heights,Serious,4014,0.15794718485301446,0.0,0.0,0.0,0.0,0.0,0.0,0.0,0.0,0.03139013452914798,4119,0.025491624180626365,0.025491624180626365
QN1305,Laurelton,Serious,1072,0.020522388059701493,0.0,0.0,0.0,0.0,0.0,0.0,0.0,0.0,0.017723880597014924,1081,0.008325624421831638,0.008325624421831638
QN0101,Astoria (North)-Ditmars-Steinway,Serious,2421,0.0429574555968608,0.0,0.0,0.0,0.0,0.0,0.0,0.0,0.0,0.015282940933498555,2463,0.01705237515225335,0.01705237515225335
QN1306,Springfield Gardens (South)-Brookville,Serious,1613,0.02727836329820211,0.0,0.0,0.0,0.0,0.0,0.0,0.0,0.0,0.032238065716057036,1626,0.007995079950799507,0.007995079950799507
QN0803,Fresh Meadows-Utopia,Serious,1115,0.04394618834080718,0.0,0.0,0.0,0.0,0.0,0.0,0.0,0.0,0.013452914798206279,1156,0.03546712802768166,0.03546712802768166
BK0902,Prospect Lefferts Gardens-Wingate,Serious,3822,0.05599162742019885,0.0,0.0,0.0,0.0,0.0,0.0,0.0,0.0,0.026164311878597593,3868,0.011892450879007239,0.011892450879007239
BX0202,Longwood,Serious,4932,0.04480940794809408,0.0,0.0,0.0,0.0,0.0,0.0,0.0,0.0,0.0267639902676399,5067,0.02664298401420959,0.02664298401420959
BX0101,Mott Haven-Port Morris,Critical,3798,0.029225908372827805,0.0,0.0,0.0,0.0,0.0,0.0,0.0,0.0,0.05134281200631911,4987,0.23841989171846803,0.010427110487266893
BK0101,Greenpoint,Critical,875,0.037714285714285714,0.0,0.0,0.0,0.0,0.0,0.0,0.0,0.0,0.030857142857142857,917,0.04580152671755725,0.009814612868047983
BX0501,University Heights (South)-Morris Heights,Critical,3981,0.05450891735744788,0.0,0.0,0.0,0.0,0.0,0.0,0.0,0.0,0.028636021100226075,4654,0.1446067898581865,0.003867640739149119
BK0501,Cypress Hills,Serious,3218,0.048788067122436295,0.0,0.0,0.0,0.0,0.0,0.0,0.0,0.0,0.03014294592914854,3252,0.010455104551045511,0.010455104551045511
SI0303,Arden Heights-Rossville,Non Critical,745,0.05771812080536913,0.0,0.0,0.0,0.0,0.0,0.0,0.0,0.0,0.020134228187919462,745,0.0,0.0
BK1002,Dyker Heights,Non Critical,1837,0.06641262928688078,0.0,0.0,0.0,0.0,0.0,0.0,0.0,0.0,0.008165487207403375,1838,0.000544069640914037,0.000544069640914037
MN0102,Tribeca-Civic Center,Non Critical,5199,0.2156183881515676,0.0,0.0,0.0,0.0,0.0,0.0,0.0,0.0,0.0051933064050779,5771,0.09911627101022354,0.09911627101022354
SI0104,West New Brighton-Silver Lake-Grymes Hill,Serious,1622,0.02157829839704069,0.0,0.0,0.0,0.0,0.0,0.0,0.0,0.0,0.043773119605425403,1642,0.012180267965895249,0.012180267965895249
MN0203,West Village,Critical,1032,0.02131782945736434,0.0,0.0,0.0,0.0,0.0,0.0,0.0,0.0,0.04844961240310078,1169,0.11719418306244654,0.017964071856287425
QN0401,Elmhurst,Critical,2016,0.017857142857142856,0.0,0.0,0.0,0.0,0.0,0.0,0.0,0.0,0.03273809523809524,2149,0.06188925081433225,0.00837598883201489
QN0503,Glendale,Non Critical,2081,0.0624699663623258,0.0,0.0,0.0,0.0,0.0,0.0,0.0,0.0,0.005766458433445459,2085,0.0019184652278177458,0.0019184652278177458
BK0504,Spring Creek-Starrett City,Critical,558,0.023297491039426525,0.0,0.0,0.0,0.0,0.0,0.0,0.0,0.0,0.05734767025089606,876,0.363013698630137,0.003424657534246575
QN0302,East Elmhurst,Critical,788,0.021573604060913704,0.0,0.0,0.0,0.0,0.0,0.0,0.0,0.0,0.03426395939086294,848,0.07075471698113207,0.007075471698113208
QN1204,Springfield Gardens (North)-Rochdale Village,Critical,762,0.015748031496062992,0.0,0.0,0.0,0.0,0.0,0.0,0.0,0.0,0.05249343832020997,1157,0.341400172860847,0.000864304235090752
BK1502,Madison,Critical,643,0.01866251944012442,0.0,0.0,0.0,0.0,0.0,0.0,0.0,0.0,0.02177293934681182,685,0.061313868613138686,0.00291970802919708
BK1202,Borough Park,Critical,751,0.019973368841544607,0.0,0.0,0.0,0.0,0.0,0.0,0.0,0.0,0.02529960053262317,798,0.05889724310776942,0.0037593984962406013
BX1203,Wakefield-Woodlawn,Critical,2001,0.025487256371814093,0.0,0.0,0.0,0.0,0.0,0.0,0.0,0.0,0.031484257871064465,2963,0.32467094161322985,0.00641241984475194
QN0702,Whitestone-Beechhurst,Non Critical,910,0.08681318681318681,0.0,0.0,0.0,0.0,0.0,0.0,0.0,0.0,0.00989010989010989,911,0.0010976948408342481,0.0010976948408342481
SI0204,New Springville-Willowbrook-Bulls Head-Travis,Critical,458,0.017467248908296942,0.0,0.0,0.0,0.0,0.0,0.0,0.0,0.0,0.048034934497816595,504,0.09126984126984126,0.003968253968253968
QN0705,East Flushing,Non Critical,1224,0.07598039215686274,0.0,0.0,0.0,0.0,0.0,0.0,0.0,0.0,0.008169934640522876,1225,0.0008163265306122449,0.0008163265306122449
QN0501,Maspeth,Critical,625,0.008,0.0,0.0,0.0,0.0,0.0,0.0,0.0,0.0,0.0384,665,0.06015037593984962,0.0030075187969924814
BK1201,Sunset Park (East)-Borough Park (West),Critical,730,0.06164383561643835,0.0,0.0,0.0,0.0,0.0,0.0,0.0,0.0,0.0410958904109589,909,0.19691969196919692,0.0044004400440044
QN1206,Hollis,Critical,674,0.013353115727002967,0.0,0.0,0.0,0.0,0.0,0.0,0.0,0.0,0.05934718100890208,856,0.21261682242990654,0.0035046728971962616
MN0601,Stuyvesant Town-Peter Cooper Village,Critical,142,0.028169014084507043,0.0,0.0,0.0,0.0,0.0,0.0,0.0,0.0,0.06338028169014084,165,0.1393939393939394,0.01818181818181818
BK0401,Bushwick (West),Non CIP,110061,0.3782629632658253,0.0,0.0,9.085870562687965e-06,0.0,0.0,0.0,0.0,0.0,0.0472556127965401,245276,0.5512769288475025,0.19983610300233207
QN1203,Baisley Park,Non CIP,55267,0.32462409756274085,0.0,0.0,0.0,2.6790976799014093e-05,0.0,0.0,0.0,0.0,0.061211934789295604,82965,0.3338516241788706,0.07156029651057674
BK0302,Bedford-Stuyvesant (East),Non CIP,136868,0.32358915159131424,0.0,1.0801585672776763e-05,7.306309729082035e-06,1.0801585672776763e-05,1.0801585672776763e-05,0.0,0.0,0.0,0.07110500628342636,331741,0.5874251298452708,0.12716245504776316
SI0203,Todt Hill-Emerson Hill-Lighthouse Hill-Manor Heights,Non CIP,34697,0.39346341182234773,0.0,0.0,0.0,0.0,0.0,0.0,0.0,0.0,0.06813269158716892,60399,0.42553684663653374,0.08819682445073594
QN1401,Far Rockaway-Bayswater,Non CIP,103053,0.3062889969239129,0.0,0.0,9.70374467507011e-06,0.0,0.0,0.0,0.0,0.0,0.06942058940545157,216440,0.5238726667898724,0.11187858066900758
BK0802,Crown Heights (North),Non CIP,139889,0.3092523357805117,0.0,2.0697934346152255e-05,1.4297049803772992e-05,2.0697934346152255e-05,0.0,0.0,0.0,0.0,0.07671796924704587,427043,0.6724240884407425,0.1164121645829577
BK1803,Canarsie,Non CIP,102788,0.2622290539751722,0.0,0.0,0.0,0.0,0.0,0.0,0.0,0.0,0.05870335058567148,278598,0.6310526278006303,0.11061098787500269
QN0502,Ridgewood,Non CIP,68055,0.3422232018220557,0.0,0.0,0.0,0.0,0.0,0.0,0.0,0.0,0.04587466020130777,116319,0.41492791375441673,0.10505592379576853
BK1101,Bensonhurst,Non CIP,84008,0.3865703266355585,0.0,1.9405041429763454e-05,0.0,1.9405041429763454e-05,0.0,0.0,0.0,0.0,0.04578135415674698,174374,0.5182309289228899,0.14196497184213241
BK1704,East Flatbush-Remsen Village,Non CIP,68100,0.3443171806167401,0.0,0.0,0.0,0.0,0.0,0.0,0.0,0.0,0.061380323054331866,106673,0.3616004049759545,0.12711745240126368
BK1401,Flatbush,Non CIP,98979,0.391911415552794,0.0,1.6614607562969363e-05,2.0206306388223765e-05,1.6614607562969363e-05,0.0,0.0,0.0,0.0,0.06305377908445225,206589,0.5208893019473447,0.12680733243299497
BX0601,West Farms,Non CIP,48644,0.4654428089795247,0.0,0.0,0.0,0.0,0.0,0.0,0.0,0.0,0.06958720499958886,156018,0.6882154623184504,0.06490917714622672
MN1001,Harlem (South),Non CIP,120487,0.4296231128669483,0.0,0.0,0.0,0.0,0.0,0.0,0.0,0.0,0.07299542689252782,324042,0.6281747427802569,0.11964498429215965
BK0301,Bedford-Stuyvesant (West),Serious,8036,0.0587356893977103,0.0,0.0,0.0,0.0,0.0,0.0,0.0,0.0,0.016923842707814832,8208,0.020955165692007796,0.020955165692007796
QN1204,Springfield Gardens (North)-Rochdale Village,Serious,1651,0.034524530587522716,0.0,0.0,0.0,0.0,0.0,0.0,0.0,0.0,0.023622047244094488,1667,0.009598080383923215,0.009598080383923215
MN0701,Upper West Side-Lincoln Square,Non CIP,76589,0.418402120408936,0.0,2.244971264367816e-05,0.0,2.244971264367816e-05,2.244971264367816e-05,0.0,0.0,0.0,0.06395174241731841,206482,0.6290766265340321,0.14258385718852007
BX1201,Williamsbridge-Olinville,Non CIP,102158,0.42378472562109676,0.0,1.6988023443472353e-05,0.0,1.6988023443472353e-05,3.3976046886944707e-05,0.0,0.0,0.0,0.07511893341686407,215567,0.5260962948874364,0.07342032871450639
BK0702,Sunset Park (West),Non CIP,102878,0.431686074768172,0.0,1.7103665315477107e-05,9.720251171290265e-06,1.7103665315477107e-05,0.0,0.0,0.0,0.0,0.04965104298295068,259234,0.6031461922433015,0.13715021949281345
MN0402,Hell's Kitchen,Critical,2571,0.045896538311940877,0.0,0.0,0.0,0.0,0.0,0.0,0.0,0.0,0.043951769739401014,2827,0.09055535903784931,0.013795542978422356
MN1101,East Harlem (South),Non CIP,115775,0.4009933059814295,0.0,1.4419610670511897e-05,0.0,1.4419610670511897e-05,0.0,0.0,0.0,0.0,0.06378751889440726,251095,0.5389195324478783,0.15876859356020628
QN0401,Elmhurst,Serious,6091,0.038909867016910196,0.0,0.0,0.0,0.0,0.0,0.0,0.0,0.0,0.015760958791659826,6228,0.02199743095696853,0.02199743095696853
BK0103,South Williamsburg,Non CIP,31480,0.396569250317662,0.0,0.0,0.0,0.0,0.0,0.0,0.0,0.0,0.0443138500635324,66782,0.5286154951933155,0.07828456769788267
BX0303,Crotona Park East,Non CIP,67086,0.47726798437826073,0.0,0.0,0.0,2.8516026006615717e-05,0.0,0.0,0.0,0.0,0.08982500074531198,141673,0.5264729341511791,0.06518532112682021
BK1403,Midwood,Non CIP,50274,0.3956916099773243,0.0,3.291530891017412e-05,0.0,3.291530891017412e-05,0.0,0.0,0.0,0.0,0.051617138083303496,88602,0.4325861718697095,0.08153314823593147
MN0902,Manhattanville-West Harlem,Non CIP,57747,0.3571440940654926,0.0,5.3874956226598066e-05,0.0,5.3874956226598066e-05,0.0,0.0,0.0,0.0,0.06587355187282457,162081,0.6437151794473134,0.1360060710385548
BK1702,East Flatbush-Farragut,Non Critical,3920,0.09693877551020408,0.0,0.0,0.0,0.0,0.0,0.0,0.0,0.0,0.003061224489795918,3931,0.0027982701602645636,0.0027982701602645636
BK1703,East Flatbush-Rugby,Non CIP,54490,0.34255826757203156,0.0,2.7914247431889235e-05,1.8351991191044228e-05,2.7914247431889235e-05,0.0,0.0,0.0,0.0,0.059533859423747476,92739,0.4124370545293781,0.13999503984300024
QN1402,Rockaway Beach-Arverne-Edgemere,Non CIP,67699,0.26442044934194003,0.0,0.0,0.0,0.0,0.0,0.0,0.0,0.0,0.08463935951786584,176793,0.6170719428936666,0.092599820128625
QN0203,Woodside,Non CIP,57646,0.32598966103459043,0.0,2.5737375817161683e-05,0.0,2.5737375817161683e-05,0.0,0.0,0.0,0.0,0.04621309370988447,99616,0.42131786058464504,0.11686877610022486
BX1102,Morris Park,Non CIP,40375,0.5177461300309597,0.0,0.0,0.0,5.1358430486364334e-05,0.0,0.0,0.0,0.0,0.04968421052631579,68090,0.407034806873256,0.19806138933764136
QN0901,Kew Gardens,Non CIP,33119,0.31302273619372567,0.0,0.0,0.0,4.3952180028129396e-05,0.0,0.0,0.0,0.0,0.05006189800416679,56797,0.41688821592689757,0.23205450992129867
BX1002,Throgs Neck-Schuylerville,Non Critical,3110,0.09935691318327974,0.0,0.0,0.0,0.0,0.0,0.0,0.0,0.0,0.0090032154340836,3121,0.003524511374559436,0.003524511374559436
BX0802,Kingsbridge-Marble Hill,Serious,3620,0.09861878453038674,0.0,0.0,0.0,0.0,0.0,0.0,0.0,0.0,0.011325966850828728,3976,0.08953722334004025,0.08953722334004025
BX1001,Westchester Square,Non Critical,2425,0.10144329896907217,0.0,0.0,0.0,0.0,0.0,0.0,0.0,0.0,0.00865979381443299,2777,0.12675549153763055,0.12675549153763055
SI0201,Grasmere-Arrochar-South Beach-Dongan Hills,Non Critical,2556,0.06298904538341157,0.0,0.0,0.0,0.0,0.0,0.0,0.0,0.0,0.008998435054773083,2558,0.0007818608287724785,0.0007818608287724785
BX0603,Belmont,Non Critical,7993,0.18991617665457275,0.0,0.0,0.0,0.0,0.0,0.0,0.0,0.0,0.010008757662955085,8028,0.004359740906826109,0.004359740906826109
BX0602,Tremont,Non Critical,7955,0.18177247014456316,0.0,0.0,0.0,0.0,0.0,0.0,0.0,0.0,0.009930861093651792,7992,0.004629629629629629,0.004629629629629629
BX0903,Castle Hill-Unionport,Non Critical,3927,0.13394448688566335,0.0,0.0,0.0,0.0,0.0,0.0,0.0,0.0,0.008148714031066972,3937,0.00254000508001016,0.00254000508001016
QN0701,College Point,Non CIP,38384,0.3016882034180909,0.0,3.7307864497836144e-05,0.0,3.7307864497836144e-05,7.461572899567229e-05,0.0,0.0,0.0,0.052287411421425595,54110,0.2906301977453336,0.09563851413786731
BK0703,Sunset Park (Central),Non Critical,3325,0.10406015037593985,0.0,0.0,0.0,0.0,0.0,0.0,0.0,0.0,0.0069172932330827065,3438,0.032867946480511924,0.032867946480511924
QN1307,Rosedale,Non CIP,33865,0.34179831684630146,0.0,0.0,0.0,0.0,0.0,0.0,0.0,0.0,0.05843791525173483,43767,0.22624351680489868,0.10905476729042429
BX1104,Allerton,Non CIP,56026,0.46296362403169955,0.0,0.0,0.0,3.323584153150758e-05,0.0,0.0,0.0,0.0,0.0726626923214222,107403,0.4783572153478022,0.07700902209435491
BK0101,Greenpoint,Serious,1934,0.047569803516028956,0.0,0.0005428881650380022,0.000517063081695967,0.0,0.0,0.0,0.0,0.0,0.014477766287487074,1958,0.012257405515832482,0.012257405515832482
BX0403,Mount Eden-Claremont (West),Critical,3734,0.05597214783074451,0.0,0.0,0.0,0.0,0.0,0.0,0.0,0.0,0.03347616497054098,4547,0.17879920826918846,0.010116560369474378
QN0805,Jamaica Hills-Briarwood,Non Critical,3351,0.09459862727544016,0.0,0.0003295978905735003,0.0002984183825723665,0.0,0.0,0.0,0.0,0.0,0.02029245001492092,3559,0.05844338297274515,0.05844338297274515
BK0901,Crown Heights (South),Non Critical,5408,0.09208579881656805,0.0,0.0,0.0,0.0,0.0,0.0,0.0,0.0,0.010539940828402367,5504,0.01744186046511628,0.01744186046511628
QN1001,South Ozone Park,Non Critical,8832,0.059782608695652176,0.0,0.00012042389210019268,0.0,0.00012042389210019268,0.0,0.0,0.0,0.0,0.006680253623188406,9083,0.027634041616206098,0.027634041616206098
SI0105,Westerleigh-Castleton Corners,Serious,992,0.04133064516129032,0.0,0.0,0.0,0.0,0.0,0.0,0.0,0.0,0.02217741935483871,994,0.002012072434607646,0.002012072434607646
BX0503,Fordham Heights,Critical,3309,0.2302810516772439,0.0,0.0,0.0,0.0,0.0,0.0,0.0,0.0,0.06104563312178906,3779,0.1243715268589574,0.008203228367292934
BK1503,Sheepshead Bay-Manhattan Beach-Gerritsen Beach,Non Critical,5487,0.11591033351558229,0.0,0.0,0.0,0.0,0.0,0.0,0.0,0.0,0.008201202843083653,5578,0.016314091072068843,0.016314091072068843
BX0101,Mott Haven-Port Morris,Serious,7604,0.06720147290899527,0.0,0.0,0.0,0.0,0.0,0.0,0.0,0.0,0.02327722251446607,7806,0.0258775301050474,0.0258775301050474
MN1102,East Harlem (North),Critical,3929,0.04377704250445406,0.0,0.0,0.0,0.0,0.0,0.0,0.0,0.0,0.04937643166200051,5636,0.30287437899219305,0.016146202980837472
BK0502,East New York (North),Serious,5049,0.05565458506634977,0.0,0.0,0.0,0.0,0.0,0.0,0.0,0.0,0.03010497128144187,5111,0.012130698493445509,0.012130698493445509
BX0102,Melrose,Critical,3602,0.04580788450860633,0.0,0.0,0.0,0.0,0.0,0.0,0.0,0.0,0.046640755136035536,4470,0.1941834451901566,0.01767337807606264
BK1601,Ocean Hill,Critical,3247,0.21589159223898985,0.0,0.0,0.0,0.0,0.0,0.0,0.0,0.0,0.03664921465968586,3931,0.1740015263291783,0.005087763927753753
BX1103,Pelham Gardens,Non CIP,31656,0.46427217589082637,0.0,0.0,3.158958807177154e-05,0.0,0.0,0.0,0.0,0.0,0.07622567601718473,72014,0.5604188074541061,0.07640181075901908
SI0106,Port Richmond,Non Critical,3137,0.06471150781000956,0.0,0.0,0.0,0.0,0.0,0.0,0.0,0.0,0.003825310806503028,3149,0.003810733566211496,0.003810733566211496
BK1102,Bath Beach,Non Critical,1541,0.08630759247242051,0.0,0.0,0.0,0.0,0.0,0.0,0.0,0.0,0.006489292667099286,1547,0.003878474466709761,0.003878474466709761
QN0201,Long Island City-Hunters Point,Non Critical,4061,0.10243782319625708,0.0,0.0,0.0,0.0,0.0,0.0,0.0,0.0,0.011573504063038661,4361,0.06879156156844761,0.06879156156844761
QN1306,Springfield Gardens (South)-Brookville,Critical,621,0.02254428341384863,0.0,0.0,0.0,0.0,0.0,0.0,0.0,0.0,0.05152979066022544,947,0.34424498416050686,0.0010559662090813093
QN1206,Hollis,Serious,1212,0.0231023102310231,0.0,0.0,0.0,0.0,0.0,0.0,0.0,0.0,0.0297029702970297,1213,0.0008244023083264633,0.0008244023083264633
BX1203,Wakefield-Woodlawn,Serious,4537,0.06832708838439497,0.0,0.0,0.0,0.0,0.0,0.0,0.0,0.0,0.020938946440379105,4587,0.010900370612600829,0.010900370612600829
QN1302,Bellerose,Non Critical,1697,0.10253388332351208,0.0,0.0,0.0,0.0,0.0,0.0,0.0,0.0,0.01473187978786093,1699,0.0011771630370806356,0.0011771630370806356
BK0102,Williamsburg,Critical,1677,0.022659511031604056,0.0,0.0,0.0,0.0,0.0,0.0,0.0,0.0,0.035181872391174714,1929,0.13063763608087092,0.0036288232244686366
BK0505,East New York-City Line,Critical,2143,0.02333177788147457,0.0,0.0,0.0,0.0,0.0,0.0,0.0,0.0,0.04293047130191321,3201,0.33052171196501096,0.005935645110902843
QN0302,East Elmhurst,Serious,2217,0.02886783942264321,0.0,0.0,0.0,0.0,0.0,0.0,0.0,0.0,0.015336039693279206,2227,0.00449034575662326,0.00449034575662326
BK1201,Sunset Park (East)-Borough Park (West),Serious,1198,0.02671118530884808,0.0,0.0,0.0,0.0,0.0,0.0,0.0,0.0,0.03171953255425709,1213,0.01236603462489695,0.01236603462489695
QN0402,Corona,Non Critical,5483,0.08827284333394127,0.0,0.00040008001600320064,0.0001823819077147547,0.00020004000800160032,0.0,0.0,0.0,0.0,0.005289075323727886,5504,0.003815406976744186,0.003815406976744186
BK0602,Park Slope,Non Critical,4838,0.12897891690781316,0.0,0.0,0.0,0.0,0.0,0.0,0.0,0.0,0.01343530384456387,5802,0.1661496035849707,0.1661496035849707
MN0702,Upper West Side (Central),Non Critical,8709,0.1505339304168102,0.0,0.00013517166801838335,0.0,0.00013517166801838335,0.0,0.0,0.0,0.0,0.008956252152945229,9306,0.06415215989684075,0.06415215989684075
MN0203,West Village,Serious,4904,0.05730016313213703,0.0,0.0,0.0,0.0,0.0,0.0,0.0,0.0,0.011827079934747145,5068,0.03235990528808208,0.03235990528808208
BX1202,Eastchester-Edenwald-Baychester,Non Critical,7107,0.16476713099760798,0.0,0.0,0.0,0.0,0.0,0.0,0.0,0.0,0.009990150555790066,7294,0.02563751028242391,0.02563751028242391
BK1303,Brighton Beach,Serious,1458,0.02880658436213992,0.0,0.0,0.0,0.0,0.0,0.0,0.0,0.0,0.026748971193415638,1474,0.010854816824966078,0.010854816824966078
BX0904,Parkchester,Non Critical,3364,0.20362663495838287,0.0,0.0,0.0,0.0,0.0,0.0,0.0,0.0,0.005648038049940547,3917,0.1411794740873117,0.1411794740873117
BK1502,Madison,Serious,2268,0.06349206349206349,0.0,0.0,0.0,0.0,0.0,0.0,0.0,0.0,0.016313932980599646,2291,0.01003928415539066,0.01003928415539066
BX1003,Pelham Bay-Country Club-City Island,Critical,595,0.025210084033613446,0.0,0.0,0.0,0.0,0.0,0.0,0.0,0.0,0.058823529411764705,627,0.051036682615629984,0.004784688995215311
BK0504,Spring Creek-Starrett City,Serious,2409,0.10460772104607721,0.0,0.0,0.0,0.0,0.0,0.0,0.0,0.0,0.017434620174346202,2502,0.03717026378896882,0.03717026378896882
QN0101,Astoria (North)-Ditmars-Steinway,Critical,902,0.02328159645232816,0.0,0.0,0.0,0.0,0.0,0.0,0.0,0.0,0.05432372505543237,1261,0.2846946867565424,0.0023790642347343376
BX0501,University Heights (South)-Morris Heights,Serious,5134,0.05181145305804441,0.0,0.0,0.0,0.0,0.0,0.0,0.0,0.0,0.02843786521231009,5193,0.011361448103215868,0.011361448103215868
BK0501,Cypress Hills,Critical,2212,0.04385171790235081,0.0,0.0,0.0,0.0,0.0,0.0,0.0,0.0,0.04385171790235081,3092,0.2846054333764554,0.0035575679172056922
BX0302,Claremont Village-Claremont (East),Serious,2756,0.05660377358490566,0.0,0.0,0.0,0.0,0.0,0.0,0.0,0.0,0.0330188679245283,2795,0.013953488372093023,0.013953488372093023
MN0703,Upper West Side-Manhattan Valley,Critical,1824,0.42653508771929827,0.0,0.0,0.0,0.0,0.0,0.0,0.0,0.0,0.02905701754385965,2090,0.12727272727272726,0.013397129186602871
BX0201,Hunts Point,Non Critical,4572,0.102580927384077,0.0,0.0,0.0,0.0,0.0,0.0,0.0,0.0,0.006342957130358705,4817,0.05086153207390492,0.05086153207390492
BK0902,Prospect Lefferts Gardens-Wingate,Critical,1841,0.060836501901140684,0.0,0.0,0.0,0.0,0.0,0.0,0.0,0.0,0.038565996740901685,2303,0.2006079027355623,0.0034737299174989146
BX0202,Longwood,Critical,2257,0.02525476295968099,0.0,0.0,0.0,0.0,0.0,0.0,0.0,0.0,0.05449712007089056,2835,0.2038800705467372,0.009171075837742505
QN0103,Astoria (Central),Critical,765,0.023529411764705882,0.0,0.0,0.0,0.0,0.0,0.0,0.0,0.0,0.04183006535947712,902,0.15188470066518847,0.013303769401330377
MN0604,East Midtown-Turtle Bay,Non Critical,6141,0.2484937306627585,0.0,0.0,0.0,0.0,0.0,0.0,0.0,0.0,0.005210877707213809,7262,0.15436518865326357,0.15436518865326357
BK0104,East Williamsburg,Critical,2129,0.02677313292625646,0.0,0.0,0.0,0.0,0.0,0.0,0.0,0.0,0.052137153593236264,3162,0.32669196710942444,0.0031625553447185324
QN0804,Jamaica Estates-Holliswood,Serious,1188,0.04040404040404041,0.0,0.0,0.0,0.0,0.0,0.0,0.0,0.0,0.020202020202020204,1204,0.013289036544850499,0.013289036544850499
MN0401,Chelsea-Hudson Yards,Critical,2374,0.038753159224936815,0.0,0.0,0.0,0.0,0.0,0.0,0.0,0.0,0.04886267902274642,2606,0.08902532617037605,0.011511895625479662
BK1204,Mapleton-Midwood (West),Non Critical,1693,0.08151210868281157,0.0,0.0,0.0,0.0,0.0,0.0,0.0,0.0,0.010632014176018901,1698,0.002944640753828033,0.002944640753828033
SI0104,West New Brighton-Silver Lake-Grymes Hill,Critical,839,0.01907032181168057,0.0,0.0,0.0,0.0,0.0,0.0,0.0,0.0,0.06197854588796186,1179,0.2883799830364716,0.0016963528413910093
QN1104,Oakland Gardens-Hollis Hills,Non Critical,850,0.09411764705882353,0.0,0.0,0.0,0.0,0.0,0.0,0.0,0.0,0.0058823529411764705,852,0.002347417840375587,0.002347417840375587
QN1305,Laurelton,Critical,630,0.014285714285714285,0.0,0.0,0.0,0.0,0.0,0.0,0.0,0.0,0.04285714285714286,1135,0.44493392070484583,0.000881057268722467
BK1202,Borough Park,Serious,1478,0.02503382949932341,0.0,0.0,0.0,0.0,0.0,0.0,0.0,0.0,0.02029769959404601,1495,0.01137123745819398,0.01137123745819398
MN0903,Hamilton Heights-Sugar Hill,Critical,1707,0.01816051552431166,0.0,0.0005966587112171838,0.0,0.0005966587112171838,0.0,0.0,0.0,0.0,0.03866432337434095,2149,0.20567705909725453,0.007445323406235459
SI0204,New Springville-Willowbrook-Bulls Head-Travis,Serious,2120,0.03820754716981132,0.0,0.0,0.0,0.0,0.0,0.0,0.0,0.0,0.02122641509433962,2183,0.02885936784241869,0.02885936784241869
QN0903,South Richmond Hill,Non Critical,2376,0.055134680134680134,0.0,0.0,0.0,0.0,0.0,0.0,0.0,0.0,0.0025252525252525255,2377,0.00042069835927639884,0.00042069835927639884
QN0202,Sunnyside,Critical,999,0.01901901901901902,0.0,0.0,0.0,0.0,0.0,0.0,0.0,0.0,0.05205205205205205,1034,0.033849129593810444,0.0
QN0102,Old Astoria-Hallets Point,Non Critical,1811,0.08282716731087797,0.0,0.0,0.0,0.0,0.0,0.0,0.0,0.0,0.0027609055770292656,1816,0.0027533039647577094,0.0027533039647577094
QN0707,Flushing-Willets Point,Critical,1744,0.014334862385321102,0.0,0.0,0.0,0.0,0.0,0.0,0.0,0.0,0.047591743119266054,1893,0.07871104067617539,0.013734812466983624
SI0101,St. George-New Brighton,Non Critical,4418,0.0930285196921684,0.0,0.0,0.0,0.0,0.0,0.0,0.0,0.0,0.01199637845178814,4439,0.004730795224149583,0.004730795224149583
BK0204,Clinton Hill,Non Critical,2252,0.10390763765541741,0.0,0.0,0.0,0.0,0.0,0.0,0.0,0.0,0.007104795737122558,2569,0.12339431685480731,0.12339431685480731
SI0301,Oakwood-Richmondtown,Non Critical,883,0.045300113250283124,0.0,0.0,0.0,0.0,0.0,0.0,0.0,0.0,0.0056625141562853904,884,0.0011312217194570137,0.0011312217194570137
MN0602,Gramercy,Critical,783,0.037037037037037035,0.0,0.0,0.0,0.0,0.0,0.0,0.0,0.0,0.02937420178799489,858,0.08741258741258741,0.005827505827505828
MN0601,Stuyvesant Town-Peter Cooper Village,Serious,648,0.07253086419753087,0.0,0.0,0.0,0.0,0.0,0.0,0.0,0.0,0.010802469135802469,653,0.007656967840735069,0.007656967840735069
QN0501,Maspeth,Serious,1699,0.022954679223072396,0.0,0.0,0.0,0.0,0.0,0.0,0.0,0.0,0.02942907592701589,1721,0.012783265543288786,0.012783265543288786
BK0201,Brooklyn Heights,Critical,348,0.014367816091954023,0.0,0.0,0.0,0.0,0.0,0.0,0.0,0.0,0.04885057471264368,405,0.14074074074074075,0.0
BK1001,Bay Ridge,Critical,1211,0.01981833195706028,0.0,0.0,0.0,0.0,0.0,0.0,0.0,0.0,0.0305532617671346,1340,0.0962686567164179,0.0037313432835820895
QN0803,Fresh Meadows-Utopia,Critical,305,0.013114754098360656,0.0,0.0,0.0,0.0,0.0,0.0,0.0,0.0,0.036065573770491806,322,0.052795031055900624,0.0
BX0502,Mount Hope,Non Critical,9996,0.20108043217286914,0.0,0.0,0.00010004001600640257,0.0,0.0,0.0,0.0,0.0,0.005302120848339336,11921,0.16147974163241338,0.16147974163241338
BX0102,Melrose,Non CIP,142327,0.5095941037189008,0.0,2.8654116163786927e-05,1.405214751944466e-05,0.0,1.4327058081893463e-05,0.0,0.0,0.0,0.0603188432272162,299133,0.5242016093175945,0.15342673660211345
SI0104,West New Brighton-Silver Lake-Grymes Hill,Non CIP,48229,0.37765659665346574,0.0,0.0,0.0,0.0,0.0,0.0,0.0,0.0,0.0752451844326028,105298,0.5419761059089442,0.11972687040589565
BK1001,Bay Ridge,Non CIP,114895,0.41110579224509336,0.0,0.0,8.70359893816093e-06,0.0,0.0,0.0,0.0,0.0,0.045197789285869705,212568,0.4594906100636032,0.21391272439878062
BX0202,Longwood,Non CIP,87479,0.44693012037174634,0.0,2.0668843784878675e-05,2.2862629888316052e-05,0.0,0.0,0.0,0.0,0.0,0.07069125161467324,217765,0.5982871443987785,0.11905035244414851
BX0503,Fordham Heights,Non CIP,70213,0.5166422172532152,0.0,0.0,1.4242376767835016e-05,0.0,0.00020625847133007248,0.0,0.0,0.0,0.067765228661359,161715,0.5658225891228396,0.0871347741396902
MN0903,Hamilton Heights-Sugar Hill,Non CIP,82491,0.28506140063764535,0.0,1.695604991861096e-05,1.2122534579529887e-05,0.0,0.0,0.0,0.0,0.0,0.06435853608272418,214172,0.6148376071568645,0.18904431951889136
MN0401,Chelsea-Hudson Yards,Non CIP,170388,0.4881153602366364,0.0,4.5861566860431784e-05,1.7606873723501654e-05,2.2930783430215892e-05,0.0,0.0,0.0,0.0,0.0727633401413245,344748,0.5057607295763862,0.12775708633552624
MN0402,Hell's Kitchen,Non CIP,145935,0.5777983348751157,6.852365779285298e-06,4.869023273931249e-05,6.852412734523826e-06,8.115038789885416e-05,0.0,0.0,0.0,0.0,0.0684688388666187,231662,0.37005205860261936,0.13438975749151783
MN1102,East Harlem (North),Non CIP,179530,0.4585528880966969,0.0,3.0862292451083265e-05,5.570099704784716e-06,2.057486163405551e-05,0.0,0.0,0.0,0.0,0.07217178187489556,518339,0.6536436579149939,0.12869955762541502
QN0701,College Point,Critical,731,0.03419972640218878,0.0,0.0,0.0,0.0,0.0,0.0,0.0,0.0,0.03967168262653899,755,0.031788079470198675,0.0026490066225165563
QN0707,Flushing-Willets Point,Non CIP,101443,0.3262127500172511,0.0,1.4630363857149128e-05,0.0,1.4630363857149128e-05,0.0,0.0,0.0,0.0,0.04518793805388248,198278,0.4883799513813938,0.08622237464569947
QN0103,Astoria (Central),Non CIP,49853,0.31356187190339596,0.0,8.766546857192952e-05,4.011794676348464e-05,2.9221822857309838e-05,0.0,0.0,0.0,0.0,0.05201291797885784,70136,0.2891952777460933,0.09212102201437208
QN1306,Springfield Gardens (South)-Brookville,Non CIP,44631,0.33998790078644886,0.0,0.0,0.0,0.0,0.0,0.0,0.0,0.0,0.0657390602944142,55817,0.2004048945661716,0.08268090366734149
BK0104,East Williamsburg,Non CIP,110408,0.3322494746757481,0.0,1.356391997287216e-05,9.057314687341498e-06,2.712783994574432e-05,0.0,0.0,0.0,0.0,0.058981233243967826,257430,0.5711144777220992,0.10750495280270365
QN0602,Forest Hills,Serious,5311,0.02749011485595933,0.0,0.0,0.0,0.0,0.0,0.0,0.0,0.0,0.018452268875917905,5428,0.021554900515843772,0.021554900515843772
MN0301,Chinatown-Two Bridges,Non Critical,5296,0.16408610271903323,0.0,0.0,0.0,0.0,0.0,0.0,0.0,0.0,0.006797583081570997,5415,0.021975992613111728,0.021975992613111728
BK0501,Cypress Hills,Non CIP,58055,0.4521918870037034,0.0,0.0,1.722504521574369e-05,0.0,0.0,0.0,0.0,0.0,0.0769959521143743,127350,0.5441303494307028,0.07832744405182568
BK1601,Ocean Hill,Non CIP,87600,0.42980593607305934,0.0,0.0,0.0,4.004084165849166e-05,0.0,0.0,0.0,0.0,0.09108447488584474,201488,0.5652346541729533,0.1200319622012229
QN0202,Sunnyside,Non CIP,70459,0.3156303665961765,0.0,2.0738282870178348e-05,1.4192651045288749e-05,2.0738282870178348e-05,2.0738282870178348e-05,0.0,0.0,0.0,0.050312947955548616,117593,0.4008231782504061,0.08733513049246129
BK0201,Brooklyn Heights,Non CIP,34923,0.38020788592045357,0.0,0.0,0.0,0.0,0.0,0.0,0.0,0.0,0.05317412593419809,75355,0.5365536460752438,0.13277154800610444
BK0505,East New York-City Line,Non CIP,74439,0.44469968699203377,0.0,2.4191987613702342e-05,0.0,2.4191987613702342e-05,0.0,0.0,0.0,0.0,0.07329491261301199,170141,0.562486408331913,0.06496964282565637
MN0602,Gramercy,Non CIP,56943,0.4146778357304673,0.0,0.0,0.0,0.0,0.0,0.0,0.0,0.0,0.06892857770050753,109030,0.4777308997523617,0.1765293955791984
MN0603,Murray Hill-Kips Bay,Serious,4691,0.10594755915583032,0.0,0.0,0.0,0.0,0.0,0.0,0.0,0.0,0.01918567469622682,4807,0.024131474932390266,0.024131474932390266
MN0703,Upper West Side-Manhattan Valley,Non CIP,64536,0.3767354654766332,0.0,0.0,0.0,0.0,0.0,0.0,0.0,0.0,0.07557022437089377,169132,0.6184282099188799,0.143018470780219
QN0101,Astoria (North)-Ditmars-Steinway,Non CIP,51641,0.3297379988768614,0.0,5.778175829890503e-05,1.9364458472918805e-05,5.778175829890503e-05,0.0,0.0,0.0,0.0,0.05085106794988478,77593,0.3344631603366283,0.09431263129406003
BK0902,Prospect Lefferts Gardens-Wingate,Non CIP,81498,0.3625610444428084,0.0,3.8498556304138595e-05,2.454047952096984e-05,1.9249278152069297e-05,0.0,0.0,0.0,0.0,0.0816093646469852,158352,0.48533646559563504,0.13244543801151865
BX0403,Mount Eden-Claremont (West),Non CIP,108176,0.5718458807868658,0.0,0.0,9.244194645762461e-06,2.1590810950859316e-05,2.1590810950859316e-05,0.0,0.0,0.0,0.06174197603904748,211717,0.48905378406079814,0.12254093908377693
BX0702,Bedford Park,Serious,4114,0.04448225571220223,0.0,0.0,0.0,0.0,0.0,0.0,0.0,0.0,0.023091881380651436,4183,0.016495338273966053,0.016495338273966053
BX1003,Pelham Bay-Country Club-City Island,Non CIP,29084,0.3961628386741851,0.0,0.0,3.4383166001925455e-05,0.0,0.0,0.0,0.0,0.0,0.06587814605968918,54573,0.4670624667876056,0.15080717570959998
BK1302,Coney Island-Sea Gate,Serious,4450,0.03460674157303371,0.0,0.0,0.0,0.0,0.0,0.0,0.0,0.0,0.020898876404494383,4577,0.027747432816255187,0.027747432816255187
MN1002,Harlem (North),Non Critical,16108,0.14949093618077974,0.0,0.0,0.0,0.0,0.0,0.0,0.0,0.0,0.00838092873106531,16571,0.027940377768390562,0.027940377768390562
QN1305,Laurelton,Non CIP,28434,0.3211296335373145,0.0,5.1805418846811377e-05,0.0,5.1805418846811377e-05,0.0,0.0,0.0,0.0,0.066364211859042,38703,0.2653282691264243,0.12515825646590703
BK1301,Gravesend (South),Non Critical,2143,0.13579094727018198,0.0,0.0,0.0,0.0,0.0,0.0,0.0,0.0,0.01026598226784881,2175,0.014712643678160919,0.014712643678160919
QN0504,Middle Village,Serious,1079,0.018535681186283594,0.0,0.0,0.0,0.0,0.0,0.0,0.0,0.0,0.016682113067655237,1087,0.007359705611775529,0.007359705611775529
BK0102,Williamsburg,Non CIP,82269,0.362676099138193,0.0,1.9072322245956667e-05,2.4310493624573047e-05,1.9072322245956667e-05,0.0,0.0,0.0,0.0,0.04882762644495497,193388,0.5745909777235403,0.1354634206879434
MN0501,Midtown South-Flatiron-Union Square,Serious,12224,0.08630562827225131,0.0,0.0,0.0,0.0,0.0,0.0,0.0,0.0,0.012107329842931938,12732,0.03989946591266101,0.03989946591266101
BK1704,East Flatbush-Remsen Village,Critical,2037,0.03289150711831124,0.0,0.0,0.0,0.0,0.0,0.0,0.0,0.0,0.042709867452135494,2691,0.24303232998885171,0.002601263470828688
QN0803,Fresh Meadows-Utopia,Non CIP,20569,0.34897175360980115,0.0,0.0,0.0,0.0,0.0,0.0,0.0,0.0,0.05284651660265448,30434,0.3241440494184136,0.10064401656042583
BX0401,Concourse-Concourse Village,Serious,7910,0.0829329962073325,0.0,0.0,0.0,0.0,0.0,0.0,0.0,0.0,0.020986093552465234,8883,0.1095350669818755,0.1095350669818755
BX1101,Pelham Parkway-Van Nest,Non Critical,3859,0.1559989634620368,0.0,0.0,0.0,0.0,0.0,0.0,0.0,0.0,0.005700958797615963,4132,0.06606969990319458,0.06606969990319458
MN1201,Washington Heights (South),Non Critical,10732,0.128214685054044,0.0,0.0,0.0,0.0,0.0,0.0,0.0,0.0,0.006708907938874394,11514,0.06791731804759424,0.06791731804759424
BK1501,Gravesend (East)-Homecrest,Serious,2348,0.05238500851788756,0.0,0.0,0.0,0.0,0.0,0.0,0.0,0.0,0.017035775127768313,2403,0.022888056595921764,0.022888056595921764
MN1001,Harlem (South),Critical,2736,0.046052631578947366,0.0,0.0,0.0,0.0,0.0,0.0,0.0,0.0,0.04276315789473684,3568,0.23318385650224216,0.017376681614349777
BX1201,Williamsbridge-Olinville,Critical,3719,0.03468674374831944,0.0,0.0,0.0,0.0,0.0,0.0,0.0,0.0,0.032266738370529714,4767,0.2198447661002727,0.007971470526536606
MN1101,East Harlem (South),Critical,1998,0.02952952952952953,0.0,0.0,0.0,0.0,0.0,0.0,0.0,0.0,0.04454454454454455,2926,0.31715652768284347,0.014012303485987697
MN0902,Manhattanville-West Harlem,Critical,1061,0.05466540999057493,0.0,0.0,0.0,0.0,0.0,0.0,0.0,0.0,0.06503298774740811,1438,0.2621696801112656,0.009735744089012517
BK0702,Sunset Park (West),Critical,1339,0.020911127707244213,0.0,0.0,0.0,0.0,0.0,0.0,0.0,0.0,0.040328603435399554,1750,0.23485714285714285,0.010857142857142857
BK1602,Brownsville,Non Critical,13806,0.2311313921483413,0.0,0.0,0.0,0.0,0.0,0.0,0.0,0.0,0.007532956685499058,14859,0.07086614173228346,0.07086614173228346
BK1803,Canarsie,Critical,2057,0.014584346135148274,0.0,0.0,0.0,0.0,0.0,0.0,0.0,0.0,0.05396208070004861,3710,0.44555256064690024,0.0026954177897574125
MN0101,Financial District-Battery Park City,Non Critical,8522,0.18012203708049754,0.0,0.0,0.0,0.0,0.0,0.0,0.0,0.0,0.0070406007979347575,9251,0.07880229164414658,0.07880229164414658
BK1402,Flatbush (West)-Ditmas Park-Parkville,Serious,2742,0.046681254558716266,0.0,0.0,0.0,0.0,0.0,0.0,0.0,0.0,0.01823486506199854,2763,0.00760043431053203,0.00760043431053203
QN1201,Jamaica,Serious,10065,0.051862891207153504,0.0,0.00010478885046631039,0.0,0.00010478885046631039,0.0,0.0,0.0,0.0,0.015499254843517139,10453,0.03711853056538793,0.03711853056538793
BK1403,Midwood,Critical,764,0.01963350785340314,0.0,0.0,0.0,0.0,0.0,0.0,0.0,0.0,0.04842931937172775,833,0.08283313325330131,0.004801920768307323
BX0303,Crotona Park East,Critical,2524,0.042789223454833596,0.0,0.0,0.0,0.0,0.0,0.0,0.0,0.0,0.03803486529318542,3086,0.18211276733635776,0.007128969539857421
QN1203,Baisley Park,Critical,1163,0.012897678417884782,0.0,0.0,0.0,0.0,0.0,0.0,0.0,0.0,0.0412725709372313,1924,0.39553014553014554,0.002079002079002079
QN0901,Kew Gardens,Critical,364,0.02197802197802198,0.0,0.0,0.0,0.0,0.0,0.0,0.0,0.0,0.038461538461538464,382,0.04712041884816754,0.002617801047120419
BK1103,Gravesend (West),Non Critical,3029,0.09045889732585012,0.0,0.0,0.0,0.0,0.0,0.0,0.0,0.0,0.01617695609111918,3076,0.01527958387516255,0.01527958387516255
BK0401,Bushwick (West),Critical,2311,0.021635655560363478,0.0,0.0,0.0,0.0,0.0,0.0,0.0,0.0,0.036347901341410645,2715,0.14880294659300183,0.011049723756906077
QN1304,Cambria Heights,Serious,704,0.02556818181818182,0.0,0.0,0.0,0.0,0.0,0.0,0.0,0.0,0.026988636363636364,711,0.009845288326300985,0.009845288326300985
BK0302,Bedford-Stuyvesant (East),Critical,3813,0.025701547338054027,0.0,0.0,0.0,0.0,0.0,0.0,0.0,0.0,0.04878048780487805,4818,0.20859277708592777,0.007056870070568701
BX0301,Morrisania,Serious,4642,0.05385609651012495,0.0,0.0,0.0,0.0,0.0,0.0,0.0,0.0,0.026928048255062474,4723,0.017150116451408005,0.017150116451408005
QN1303,Queens Village,Non Critical,4205,0.06634958382877527,0.0,0.0,0.0,0.0,0.0,0.0,0.0,0.0,0.007609988109393579,4207,0.0004753981459472308,0.0004753981459472308
BX0402,Highbridge,Non Critical,6244,0.20163356822549647,0.0,0.0,0.0,0.0,0.0,0.0,0.0,0.0,0.005765534913516977,6272,0.004464285714285714,0.004464285714285714
SI0107,Mariner's Harbor-Arlington-Graniteville,Serious,2122,0.019792648444863337,0.0,0.0,0.0,0.0,0.0,0.0,0.0,0.0,0.02120640904806786,2141,0.008874357776739842,0.008874357776739842
QN0301,Jackson Heights,Non Critical,9784,0.10588716271463613,0.0,0.0,0.0,0.0,0.0,0.0,0.0,0.0,0.005928045789043336,11239,0.1294599163626657,0.1294599163626657
BK1401,Flatbush,Critical,2007,0.016442451420029897,0.0,0.0,0.0,0.0,0.0,0.0,0.0,0.0,0.04235176880916791,2546,0.21170463472113119,0.003927729772191673
QN1205,St. Albans,Serious,2665,0.026641651031894933,0.0,0.0,0.0,0.0,0.0,0.0,0.0,0.0,0.033395872420262665,2710,0.016605166051660517,0.016605166051660517
QN1301,Glen Oaks-Floral Park-New Hyde Park,Non Critical,970,0.08969072164948454,0.0,0.0,0.0,0.0,0.0,0.0,0.0,0.0,0.008247422680412371,970,0.0,0.0
BK1703,East Flatbush-Rugby,Critical,1444,0.02077562326869806,0.0,0.0,0.0,0.0,0.0,0.0,0.0,0.0,0.036703601108033244,2301,0.37244676227727075,0.000869187309865276
BX0803,Riverdale-Spuyten Duyvil,Serious,1710,0.05146198830409357,0.0,0.0,0.0,0.0,0.0,0.0,0.0,0.0,0.027485380116959064,1715,0.0029154518950437317,0.0029154518950437317
MN0803,Upper East Side-Yorkville,Serious,3724,0.0700859291084855,0.0,0.0,0.0,0.0,0.0,0.0,0.0,0.0,0.011815252416756176,3782,0.015335801163405606,0.015335801163405606
MN1203,Inwood,Non Critical,4525,0.10651933701657458,0.0,0.0,0.0,0.0,0.0,0.0,0.0,0.0,0.008176795580110497,4819,0.06100850798920938,0.06100850798920938
BK0203,Fort Greene,Serious,4136,0.05633462282398453,0.0,0.0,0.0,0.0,0.0,0.0,0.0,0.0,0.016682785299806577,4366,0.052679798442510306,0.052679798442510306
QN0802,Pomonok-Electchester-Hillcrest,Serious,2065,0.03777239709443099,0.0,0.0,0.0,0.0,0.0,0.0,0.0,0.0,0.01937046004842615,2081,0.0076886112445939455,0.0076886112445939455
BK0802,Crown Heights (North),Critical,3716,0.05032292787944026,0.0,0.0,0.0,0.0,0.0,0.0,0.0,0.0,0.043595263724434875,4679,0.20581320795041674,0.007907672579611029
QN0706,Queensboro Hill,Serious,684,0.033625730994152045,0.0,0.0,0.0,0.0,0.0,0.0,0.0,0.0,0.027777777777777776,685,0.00145985401459854,0.00145985401459854
BX1102,Morris Park,Critical,548,0.04562043795620438,0.0,0.0,0.0,0.0,0.0,0.0,0.0,0.0,0.032846715328467155,604,0.09271523178807947,0.011589403973509934
BK1101,Bensonhurst,Critical,1165,0.008583690987124463,0.0,0.0,0.0,0.0,0.0,0.0,0.0,0.0,0.02145922746781116,1248,0.06650641025641026,0.004006410256410256
QN0601,Rego Park,Non Critical,1987,0.06542526421741318,0.0,0.0,0.0,0.0,0.0,0.0,0.0,0.0,0.006039255158530448,1996,0.0045090180360721445,0.0045090180360721445
SI0103,Rosebank-Shore Acres-Park Hill,Non Critical,1985,0.08564231738035265,0.0,0.0,0.0,0.0,0.0,0.0,0.0,0.0,0.008060453400503778,1990,0.002512562814070352,0.002512562814070352
BX0601,West Farms,Critical,1500,0.02666666666666667,0.0,0.0,0.0,0.0,0.0,0.0,0.0,0.0,0.04666666666666667,1977,0.24127465857359637,0.0065756196256954984
MN0701,Upper West Side-Lincoln Square,Critical,831,0.02888086642599278,0.0,0.0,0.0,0.0,0.0,0.0,0.0,0.0,0.05776173285198556,993,0.16314199395770393,0.016112789526686808
QN1402,Rockaway Beach-Arverne-Edgemere,Critical,1412,0.015580736543909348,0.0,0.0,0.0,0.0,0.0,0.0,0.0,0.0,0.06303116147308782,1968,0.28252032520325204,0.003048780487804878
BK1701,East Flatbush-Erasmus,Serious,3258,0.03406998158379374,0.0,0.0,0.0,0.0,0.0,0.0,0.0,0.0,0.021792510742786986,3300,0.012727272727272728,0.012727272727272728
QN0303,North Corona,Serious,3441,0.027317640220866028,0.0,0.0,0.0,0.0,0.0,0.0,0.0,0.0,0.01104330136588201,3576,0.037751677852348994,0.037751677852348994
QN1401,Far Rockaway-Bayswater,Critical,2021,0.025235032162295893,0.0,0.0,0.0,0.0,0.0,0.0,0.0,0.0,0.046511627906976744,2603,0.22358816749903956,0.0034575489819439107
SI0304,Annadale-Huguenot-Prince's Bay-Woodrow,Non Critical,1088,0.07536764705882353,0.0,0.0,0.0,0.0,0.0,0.0,0.0,0.0,0.016544117647058824,1090,0.001834862385321101,0.001834862385321101
QN0502,Ridgewood,Critical,1361,0.01322556943423953,0.0,0.0,0.0,0.0,0.0,0.0,0.0,0.0,0.0426157237325496,1458,0.06652949245541838,0.0075445816186556925
BK0103,South Williamsburg,Critical,601,0.033277870216306155,0.0,0.0,0.0,0.0,0.0,0.0,0.0,0.0,0.03161397670549085,845,0.28875739644970416,0.005917159763313609
QN1102,Bayside,Serious,761,0.02759526938239159,0.0,0.0,0.0,0.0,0.0,0.0,0.0,0.0,0.04204993429697766,766,0.006527415143603133,0.006527415143603133
QN0203,Woodside,Critical,900,0.023333333333333334,0.0,0.0,0.0,0.0,0.0,0.0,0.0,0.0,0.03111111111111111,959,0.061522419186652764,0.005213764337851929
BK0701,Windsor Terrace-South Slope,Serious,574,0.04355400696864112,0.0,0.0,0.0,0.0,0.0,0.0,0.0,0.0,0.02613240418118467,576,0.003472222222222222,0.003472222222222222
BX1104,Allerton,Critical,1696,0.0330188679245283,0.0,0.0,0.0,0.0,0.0,0.0,0.0,0.0,0.041273584905660375,2114,0.1977294228949858,0.004257332071901609
BX1103,Pelham Gardens,Critical,629,0.025437201907790145,0.0,0.0,0.0,0.0,0.0,0.0,0.0,0.0,0.04451510333863275,1039,0.3946102021174206,0.005774783445620789
QN1307,Rosedale,Critical,520,0.026923076923076925,0.0,0.0,0.0,0.0,0.0,0.0,0.0,0.0,0.051923076923076926,869,0.4016110471806674,0.0011507479861910242
SI0203,Todt Hill-Emerson Hill-Lighthouse Hill-Manor Heights,Critical,453,0.017660044150110375,0.0,0.0,0.0,0.0,0.0,0.0,0.0,0.0,0.033112582781456956,477,0.050314465408805034,0.0
BX0101,Mott Haven-Port Morris,Non CIP,163902,0.5195726714744177,0.0,0.0,6.1012068187087405e-06,0.0,5.0798166186200676e-05,0.0,0.0,0.0,0.06131102732120414,370381,0.5574773004014785,0.12865400762998103
BK0301,Bedford-Stuyvesant (West),Non CIP,134722,0.329025697361975,0.0,5.531279384921732e-05,2.226807796796366e-05,3.318767630953039e-05,0.0,0.0,0.0,0.0,0.07091640563530827,382608,0.6478850416091666,0.12992932714423117
BX0501,University Heights (South)-Morris Heights,Non CIP,109290,0.5243480647817733,0.0,1.9236688211757463e-05,1.8299935950224176e-05,1.9236688211757463e-05,0.00021160357032933211,0.0,0.0,0.0,0.07692378076676731,170406,0.3586493433329812,0.06272079621609568
BK0101,Greenpoint,Non CIP,47793,0.35511476576067624,0.0,0.0,0.0,0.0,0.0,0.0,0.0,0.0,0.05695394723076601,87144,0.4515629303222253,0.13443266317818783
MN0203,West Village,Non CIP,67960,0.37841377280753385,0.0,4.734512226877826e-05,2.942907592701589e-05,2.367256113438913e-05,0.0,0.0,0.0,0.0,0.05816656856974691,172559,0.6061636889411738,0.13054665360833106
MN0701,Upper West Side-Lincoln Square,Serious,5152,0.07006987577639752,0.0,0.0,0.0,0.0,0.0,0.0,0.0,0.0,0.019604037267080744,5373,0.041131583845151684,0.041131583845151684
MN0201,SoHo-Little Italy-Hudson Square,Non Critical,6675,0.1947565543071161,0.0,0.0,0.0,0.0,0.0,0.0,0.0,0.0,0.004194756554307116,7053,0.05359421522756274,0.05359421522756274
BK0502,East New York (North),Non CIP,91805,0.4555852077773542,0.0,0.0,1.0892652905615162e-05,0.0,0.0,0.0,0.0,0.0,0.08205435433799901,182085,0.49581239530988275,0.08515803059010901
BX1203,Wakefield-Woodlawn,Non CIP,78863,0.43943294066926186,0.0,0.0,1.2680217592533888e-05,2.2620340209916757e-05,2.2620340209916757e-05,0.0,0.0,0.0,0.06690082801820879,135708,0.41887729536946977,0.09586759807822678
BX0802,Kingsbridge-Marble Hill,Non CIP,40030,0.4054459155633275,0.0,0.0,0.0,0.0,0.0,0.0,0.0,0.0,0.05563327504371721,79121,0.4940660507324225,0.12051162144057835
BK1202,Borough Park,Non CIP,51961,0.3532264583052674,0.0,0.0,0.0,2.9755705656559646e-05,0.0,0.0,0.0,0.0,0.03981832528242336,101253,0.48682014360068343,0.10084639467472568
QN1204,Springfield Gardens (North)-Rochdale Village,Non CIP,36926,0.3506201592373937,0.0,4.1703156928979526e-05,0.0,8.340631385795905e-05,0.0,0.0,0.0,0.0,0.07165682716784921,54047,0.31677983976908985,0.08849704886487687
QN0401,Elmhurst,Non CIP,113688,0.3370804306523116,0.0,0.0,0.0,0.0,0.0,0.0,0.0,0.0,0.045079515867989584,166684,0.3179429339348708,0.10056754097573853
BX0701,University Heights (North)-Fordham,Non Critical,11070,0.16513098464317977,0.0,0.0,0.0,0.0,0.0,0.0,0.0,0.0,0.0038843721770551037,13060,0.15237366003062788,0.15237366003062788
MN0502,Midtown-Times Square,Non Critical,24108,0.3069520491123279,0.0,0.00011970313622216902,0.0,0.00011970313622216902,0.0,0.0,0.0,0.0,0.0054753608760577405,31094,0.22467357046375508,0.22467357046375508
BX0302,Claremont Village-Claremont (East),Non CIP,61042,0.5318796893941876,0.0,0.0,0.0,0.0,0.0,0.0,0.0,0.0,0.07149175977196029,111114,0.45063628345663015,0.1536710045538816
QN0804,Jamaica Estates-Holliswood,Non CIP,37549,0.35220645023835523,0.0,0.0,0.0,0.0,0.0,0.0,0.0,0.0,0.05507470238887853,75940,0.505543850408217,0.06124572030550435
BK1502,Madison,Non CIP,41289,0.3897890479304415,0.0,0.0,0.0,0.0,0.0,0.0,0.0,0.0,0.04974690595558139,84444,0.5110487423618019,0.1085689924683814
BK1303,Brighton Beach,Non CIP,45871,0.466285888687842,0.0,4.084633608365329e-05,0.0,4.084633608365329e-05,0.0,0.0,0.0,0.0,0.04639096596978483,93992,0.5119691037535109,0.16142863222401907
QN0302,East Elmhurst,Non CIP,44872,0.32791050098056695,0.0,0.0,2.228561240862899e-05,0.0,0.0,0.0,0.0,0.0,0.047668924942057406,63388,0.29210576134284094,0.1151953051050672
QN1206,Hollis,Non CIP,28845,0.37580169873461605,0.0,0.0,0.0,0.0,0.0,0.0,0.0,0.0,0.07127751776737737,41396,0.3031935452700744,0.0783650594260315
BK0504,Spring Creek-Starrett City,Non CIP,35372,0.45999660748614724,0.0,0.0,0.0,0.0,0.0,0.0,0.0,0.0,0.07152550039579328,46538,0.23993295801280673,0.04890627014482788
BK1201,Sunset Park (East)-Borough Park (West),Non CIP,32688,0.3245227606461087,0.0,4.528985507246377e-05,0.0,4.528985507246377e-05,0.0,0.0,0.0,0.0,0.0842511013215859,55794,0.41413055167222285,0.1354088253217192
SI0102,Tompkinsville-Stapleton-Clifton-Fox Hills,Non Critical,3795,0.08537549407114625,0.0,0.0,0.0,0.0,0.0,0.0,0.0,0.0,0.008695652173913044,3821,0.006804501439413766,0.006804501439413766
SI0204,New Springville-Willowbrook-Bulls Head-Travis,Non CIP,48003,0.42072370476845194,0.0,0.0,0.0,0.0,0.0,0.0,0.0,0.0,0.06241276586879987,84064,0.4289707841644461,0.09386895698515417
QN0501,Maspeth,Non CIP,46382,0.33405200293217197,0.0,0.0,2.1560087965158897e-05,0.0,0.0,0.0,0.0,0.0,0.04480186279160019,64938,0.28574948412331763,0.10198959007052881
MN0501,Midtown South-Flatiron-Union Square,Critical,2208,0.029891304347826088,0.0,0.0,0.0,0.0,0.0,0.0,0.0,0.0,0.041666666666666664,2571,0.1411901983663944,0.014780241151302996
MN0802,Upper East Side-Carnegie Hill,Non Critical,5831,0.18641742411250214,0.0,0.0,0.0,0.0,0.0,0.0,0.0,0.0,0.006859886811867604,6743,0.13525137179297048,0.13525137179297048
BK1401,Flatbush,Serious,4564,0.037467134092900964,0.0,0.0,0.0,0.0,0.0,0.0,0.0,0.0,0.022787028921998246,4636,0.015530629853321829,0.015530629853321829
BK0601,Carroll Gardens-Cobble Hill-Gowanus-Red Hook,Non Critical,6838,0.1156770985668324,0.0,0.0,0.0,0.0,0.0,0.0,0.0,0.0,0.008920737057619187,7333,0.06750306832128733,0.06750306832128733
MN1101,East Harlem (South),Serious,5371,0.05473840997951964,0.0,0.0,0.0,0.0,0.0,0.0,0.0,0.0,0.022714578290821075,5508,0.02487291212781409,0.02487291212781409
BK1704,East Flatbush-Remsen Village,Serious,3567,0.0384076254555649,0.0,0.0,0.0,0.0,0.0,0.0,0.0,0.0,0.021306419960751333,3604,0.010266370699223086,0.010266370699223086
MN1001,Harlem (South),Serious,7900,0.12113924050632911,0.0,0.0,0.0,0.0,0.0,0.0,0.0,0.0,0.01708860759493671,8403,0.05985957396168035,0.05985957396168035
SI0105,Westerleigh-Castleton Corners,Non CIP,26348,0.43688325489600727,0.0,6.739906989283548e-05,0.0,6.739906989283548e-05,0.0,0.0,0.0,0.0,0.05799301654774556,40810,0.3543739279588336,0.11676059789267336
MN0902,Manhattanville-West Harlem,Serious,2082,0.036983669548511046,0.0,0.0,0.0,0.0,0.0,0.0,0.0,0.0,0.022094140249759846,2135,0.024824355971896955,0.024824355971896955
QN0502,Ridgewood,Serious,3442,0.028181289947704823,0.0,0.0,0.0,0.0,0.0,0.0,0.0,0.0,0.01714119697850087,3483,0.011771461383864484,0.011771461383864484
QN1003,Howard Beach-Lindenwood,Non Critical,1933,0.07139161924469736,0.0,0.0,0.0,0.0,0.0,0.0,0.0,0.0,0.01396792550439731,2022,0.044015825914935705,0.044015825914935705
MN0601,Stuyvesant Town-Peter Cooper Village,Non CIP,12979,0.4363202095693043,0.0,0.0,0.0,0.0,0.0,0.0,0.0,0.0,0.08644733800755065,32688,0.6029429760156633,0.09355115026921194
BK1803,Canarsie,Serious,4620,0.02077922077922078,0.0,0.0,0.0,0.0,0.0,0.0,0.0,0.0,0.021861471861471863,4647,0.005810200129115558,0.005810200129115558
BK0503,East New York-New Lots,Non Critical,9978,0.1938264181198637,0.0,0.0,0.0,0.0,0.0,0.0,0.0,0.0,0.011224694327520546,10735,0.07051700046576619,0.07051700046576619
BX1104,Allerton,Serious,4496,0.07006227758007118,0.0,0.0,0.0,0.0,0.0,0.0,0.0,0.0,0.018016014234875446,4559,0.013818819916648387,0.013818819916648387
BK0103,South Williamsburg,Serious,977,0.03991811668372569,0.0,0.0,0.0,0.0,0.0,0.0,0.0,0.0,0.022517911975435005,982,0.0050916496945010185,0.0050916496945010185
QN1307,Rosedale,Serious,1098,0.04553734061930783,0.0,0.0,0.0,0.0,0.0,0.0,0.0,0.0,0.025500910746812388,1102,0.003629764065335753,0.003629764065335753
QN0105,Queensbridge-Ravenswood-Dutch Kills,Non Critical,7483,0.09407991447280502,0.0,0.0,0.0,0.0,0.0,0.0,0.0,0.0,0.009488173192569825,7604,0.015912677538137823,0.015912677538137823
BK0802,Crown Heights (North),Serious,6457,0.04305404986835992,0.0,0.0,0.0,0.0,0.0,0.0,0.0,0.0,0.021836766300139383,6551,0.014348954358113265,0.014348954358113265
BK0302,Bedford-Stuyvesant (East),Serious,7143,0.041579168416631666,0.0,0.0,0.0,0.0,0.0,0.0,0.0,0.0,0.020719585608287835,7253,0.015166138149731145,0.015166138149731145
QN0701,College Point,Serious,2106,0.02564102564102564,0.0,0.0,0.0,0.0,0.0,0.0,0.0,0.0,0.023266856600189935,2121,0.007072135785007072,0.007072135785007072
BX0702,Bedford Park,Critical,2396,0.02921535893155259,0.0,0.0,0.0,0.0,0.0,0.0,0.0,0.0,0.028797996661101836,3091,0.22484632804917504,0.00517631834357813
BK0401,Bushwick (West),Serious,4378,0.03471904979442668,0.0,0.0,0.0,0.0,0.0,0.0,0.0,0.0,0.017587939698492462,4450,0.016179775280898877,0.016179775280898877
BX0303,Crotona Park East,Serious,4011,0.06257791074545001,0.0,0.0,0.0,0.0,0.0,0.0,0.0,0.0,0.027923211169284468,4053,0.010362694300518135,0.010362694300518135
SI0203,Todt Hill-Emerson Hill-Lighthouse Hill-Manor Heights,Serious,861,0.03368176538908246,0.0,0.0,0.0,0.0,0.0,0.0,0.0,0.0,0.05807200929152149,866,0.005773672055427252,0.005773672055427252
BK1203,Kensington,Non Critical,2286,0.06299212598425197,0.0,0.0,0.0,0.0,0.0,0.0,0.0,0.0,0.006561679790026247,2478,0.0774818401937046,0.0774818401937046
QN1401,Far Rockaway-Bayswater,Serious,4395,0.023208191126279865,0.0,0.0,0.0,0.0,0.0,0.0,0.0,0.0,0.026621160409556314,4424,0.006555153707052441,0.006555153707052441
BX0301,Morrisania,Critical,2730,0.04212454212454213,0.0,0.0,0.0,0.0,0.0,0.0,0.0,0.0,0.04945054945054945,3590,0.2395543175487465,0.009192200557103064
BK0701,Windsor Terrace-South Slope,Critical,231,0.021645021645021644,0.0,0.0,0.0,0.0,0.0,0.0,0.0,0.0,0.03463203463203463,391,0.4092071611253197,0.0
BK1403,Midwood,Serious,1635,0.03302752293577982,0.0,0.0,0.0,0.0,0.0,0.0,0.0,0.0,0.028134556574923548,1641,0.003656307129798903,0.003656307129798903
BX0401,Concourse-Concourse Village,Critical,4234,0.041332073689182805,0.0,0.0002463661000246366,0.0,0.0002463661000246366,0.0,0.0,0.0,0.0,0.036372224846480866,5409,0.2172305416897763,0.016454058051395822
QN0203,Woodside,Serious,2692,0.029717682020802376,0.0,0.0,0.0,0.0,0.0,0.0,0.0,0.0,0.01411589895988113,2710,0.006642066420664207,0.006642066420664207
BX1201,Williamsbridge-Olinville,Serious,5974,0.05590893873451624,0.0,0.0,0.0,0.0,0.0,0.0,0.0,0.0,0.026113157013726147,6061,0.014354066985645933,0.014354066985645933
BK1802,Marine Park-Mill Basin-Bergen Beach,Non Critical,2760,0.09818840579710145,0.0,0.0,0.0,0.0,0.0,0.0,0.0,0.0,0.004347826086956522,2768,0.002890173410404624,0.002890173410404624
BK1703,East Flatbush-Rugby,Serious,2438,0.033223954060705496,0.0,0.0,0.0,0.0,0.0,0.0,0.0,0.0,0.02502050861361772,2476,0.015347334410339256,0.015347334410339256
QN1205,St. Albans,Critical,1342,0.014903129657228018,0.0,0.0,0.0,0.0,0.0,0.0,0.0,0.0,0.05439642324888227,2302,0.41702867072111205,0.0008688097306689834
QN1201,Jamaica,Critical,3386,0.023922031896042528,0.0,0.0,0.0,0.0,0.0,0.0,0.0,0.0,0.0383933845245127,4116,0.17735665694849367,0.009475218658892129
SI0302,Great Kills-Eltingville,Non Critical,1866,0.05894962486602358,0.0,0.0,0.0,0.0,0.0,0.0,0.0,0.0,0.010718113612004287,1866,0.0,0.0
QN1002,Ozone Park,Non Critical,2090,0.0660287081339713,0.0,0.0,0.0,0.0,0.0,0.0,0.0,0.0,0.013875598086124402,2746,0.23889293517844137,0.23889293517844137
QN1203,Baisley Park,Serious,2459,0.02684017893452623,0.0,0.0,0.0,0.0,0.0,0.0,0.0,0.0,0.025213501423342822,2478,0.007667473769168685,0.007667473769168685
BK0702,Sunset Park (West),Serious,3905,0.03841229193341869,0.0,0.0,0.0,0.0,0.0,0.0,0.0,0.0,0.022023047375160053,4004,0.024725274725274724,0.024725274725274724
QN0104,Astoria (East)-Woodside (North),Non Critical,4442,0.08892390814948221,0.0,0.0,0.0,0.0,0.0,0.0,0.0,0.0,0.005628095452498875,4493,0.01135099042955709,0.01135099042955709
QN0901,Kew Gardens,Serious,974,0.023613963039014373,0.0,0.0,0.0,0.0,0.0,0.0,0.0,0.0,0.027720739219712527,975,0.0010256410256410256,0.0010256410256410256
MN0803,Upper East Side-Yorkville,Critical,770,0.02987012987012987,0.0,0.0,0.0,0.0,0.0,0.0,0.0,0.0,0.032467532467532464,820,0.06097560975609756,0.00975609756097561
BX1102,Morris Park,Serious,2248,0.0947508896797153,0.0,0.0,0.0,0.0,0.0,0.0,0.0,0.0,0.019572953736654804,2273,0.010998680158380994,0.010998680158380994
BK1101,Bensonhurst,Serious,3511,0.03303902022215893,0.0,0.0002945508100147275,0.0002848191398461977,0.0,0.0,0.0,0.0,0.0,0.023924807747080605,3556,0.01265466816647919,0.01265466816647919
QN1402,Rockaway Beach-Arverne-Edgemere,Serious,3189,0.02383192223267482,0.0,0.0,0.0,0.0,0.0,0.0,0.0,0.0,0.03135779241141424,3214,0.007778469197261979,0.007778469197261979
BK1501,Gravesend (East)-Homecrest,Critical,929,0.02691065662002153,0.0,0.0,0.0,0.0,0.0,0.0,0.0,0.0,0.03444564047362755,1293,0.2815158546017015,0.0030935808197989174
BX1004,Co-op City,Non Critical,1882,0.12008501594048884,0.0,0.0,0.0,0.0,0.0,0.0,0.0,0.0,0.01487778958554729,1890,0.004232804232804233,0.004232804232804233
BX0601,West Farms,Serious,2531,0.04820229158435401,0.0,0.0,0.0,0.0,0.0,0.0,0.0,0.0,0.026076649545634135,2587,0.021646695013529185,0.021646695013529185
QN0303,North Corona,Critical,1401,0.018558172733761598,0.0,0.0,0.0,0.0,0.0,0.0,0.0,0.0,0.03283369022127052,1558,0.10077021822849808,0.021822849807445442
QN1102,Bayside,Critical,410,0.01951219512195122,0.0,0.0,0.0,0.0,0.0,0.0,0.0,0.0,0.036585365853658534,434,0.055299539170506916,0.002304147465437788
QN1103,Douglaston-Little Neck,Non Critical,617,0.08265802269043761,0.0,0.0,0.0,0.0,0.0,0.0,0.0,0.0,0.017828200972447326,617,0.0,0.0
SI0305,Tottenville-Charleston,Non Critical,906,0.06622516556291391,0.0,0.0,0.0,0.0,0.0,0.0,0.0,0.0,0.012141280353200883,910,0.004395604395604396,0.004395604395604396
MN0603,Murray Hill-Kips Bay,Critical,1054,0.046489563567362426,0.0,0.0,0.0,0.0,0.0,0.0,0.0,0.0,0.04554079696394687,1184,0.1097972972972973,0.01097972972972973
BK1701,East Flatbush-Erasmus,Critical,1923,0.0218408736349454,0.0,0.0,0.0,0.0,0.0,0.0,0.0,0.0,0.028081123244929798,2342,0.1789069171648164,0.003842869342442357
SI0107,Mariner's Harbor-Arlington-Graniteville,Critical,828,0.016908212560386472,0.0,0.0,0.0,0.0,0.0,0.0,0.0,0.0,0.05314009661835749,1452,0.4297520661157025,0.002066115702479339
SI0202,New Dorp-Midland Beach,Non Critical,1959,0.055640632976008166,0.0,0.0,0.0,0.0,0.0,0.0,0.0,0.0,0.008677896886166412,1968,0.004573170731707317,0.004573170731707317
QN0801,Kew Gardens Hills,Non Critical,1584,0.09343434343434344,0.0,0.0,0.0,0.0,0.0,0.0,0.0,0.0,0.017045454545454544,1588,0.0025188916876574307,0.0025188916876574307
QN1403,Breezy Point-Belle Harbor-Rockaway Park-Broad Channel,Non Critical,2063,0.060106640814348036,0.0,0.0,0.0,0.0,0.0,0.0,0.0,0.0,0.0067862336403296175,2109,0.021811284969179705,0.021811284969179705
BX1103,Pelham Gardens,Serious,1857,0.07000538502961766,0.0,0.0,0.0,0.0,0.0,0.0,0.0,0.0,0.01992460958535272,1875,0.0096,0.0096
QN0602,Forest Hills,Critical,1025,0.013658536585365854,0.0,0.0,0.0,0.0,0.0,0.0,0.0,0.0,0.05170731707317073,1090,0.05963302752293578,0.0027522935779816515
QN0504,Middle Village,Critical,333,0.006006006006006006,0.0,0.0,0.0,0.0,0.0,0.0,0.0,0.0,0.042042042042042045,350,0.04857142857142857,0.005714285714285714
QN1304,Cambria Heights,Critical,420,0.02619047619047619,0.0,0.0,0.0,0.0,0.0,0.0,0.0,0.0,0.06428571428571428,503,0.16500994035785288,0.003976143141153081
BK1302,Coney Island-Sea Gate,Critical,1633,0.0226576852418861,0.0,0.0,0.0,0.0,0.0,0.0,0.0,0.0,0.041641151255358236,2368,0.3103885135135135,0.011824324324324325
BK0203,Fort Greene,Critical,1220,0.02540983606557377,0.0,0.0,0.0,0.0,0.0,0.0,0.0,0.0,0.04918032786885246,1676,0.2720763723150358,0.010143198090692125
BK1402,Flatbush (West)-Ditmas Park-Parkville,Critical,825,0.037575757575757575,0.0,0.0,0.0,0.0,0.0,0.0,0.0,0.0,0.020606060606060607,1299,0.3648960739030023,0.003079291762894534
QN0802,Pomonok-Electchester-Hillcrest,Critical,670,0.01791044776119403,0.0,0.0,0.0,0.0,0.0,0.0,0.0,0.0,0.04477611940298507,707,0.05233380480905234,0.007072135785007072
BX0803,Riverdale-Spuyten Duyvil,Critical,564,0.026595744680851064,0.0,0.0,0.0,0.0,0.0,0.0,0.0,0.0,0.044326241134751775,586,0.03754266211604096,0.0017064846416382253
QN0706,Queensboro Hill,Critical,342,0.023391812865497075,0.0,0.0,0.0,0.0,0.0,0.0,0.0,0.0,0.04678362573099415,355,0.036619718309859155,0.008450704225352112
BX0703,Norwood,Non CIP,72620,0.4180391076838337,0.0,2.3661918508352658e-05,2.754062241806665e-05,2.3661918508352658e-05,0.0,0.0,0.0,0.0,0.06503717984026439,129850,0.44073931459376203,0.12449749711205237
MN0102,Tribeca-Civic Center,Non CIP,85226,0.43695585854082086,0.0,4.167882299003876e-05,1.1733508553727736e-05,4.167882299003876e-05,0.0,0.0,0.0,0.0,0.05985262713256518,220955,0.614283451381503,0.21614808445158518
MN0202,Greenwich Village,Non CIP,67033,0.37074276848716303,0.0,4.74147127853773e-05,2.9836050900302836e-05,2.370735639268865e-05,0.0,0.0,0.0,0.0,0.059537839571554306,139721,0.520236757538237,0.13370932071771602
BK0402,Bushwick (East),Non CIP,91898,0.3551763912163486,0.0,1.6875358601370278e-05,0.0,1.6875358601370278e-05,0.0,0.0,0.0,0.0,0.05175303053385275,229418,0.5994298616499141,0.16389734022613744
QN0702,Whitestone-Beechhurst,Non CIP,26055,0.32251007484168104,0.0,0.0,0.0,0.0,0.0,0.0,0.0,0.0,0.05008635578583765,37092,0.29755742478162406,0.07839965491211043
BK0202,Downtown Brooklyn-DUMBO-Boerum Hill,Non CIP,157245,0.37039015548984067,0.0,0.0,0.0,0.0,0.0,0.0,0.0,0.0,0.06320073770231167,579069,0.7284520497557286,0.15248614586517323
QN0902,Richmond Hill,Non CIP,52259,0.2979773818863736,0.0,2.7257611688063892e-05,0.0,2.7257611688063892e-05,0.0,0.0,0.0,0.0,0.05449778985437915,86189,0.39366972583508336,0.08452354708837555
BK1801,Flatlands,Non CIP,80012,0.3280757886317052,0.0,3.7200996986719245e-05,0.0,3.7200996986719245e-05,0.0,0.0,0.0,0.0,0.050204969254611806,149889,0.4661916484865467,0.1436529698643663
QN1202,South Jamaica,Non CIP,66857,0.3762807185485439,0.0,7.194244604316547e-05,2.991459383460221e-05,7.194244604316547e-05,0.0,0.0,0.0,0.0,0.06685911722033594,100509,0.3348157876409078,0.10440856042742441
MN1202,Washington Heights (North),Non CIP,99890,0.3854239663629993,0.0,1.6289297931259164e-05,1.0011012113324657e-05,1.6289297931259164e-05,0.0,0.0,0.0,0.0,0.06244869356291921,196353,0.4912733699001289,0.12110841189082927
MN0303,East Village,Non CIP,115334,0.3800180345778348,0.0,4.195510803440319e-05,8.670470112889521e-06,2.797007202293546e-05,0.0,0.0,0.0,0.0,0.07648221686579847,231531,0.5018636813212918,0.15714094440917198
QN0503,Glendale,Non CIP,33123,0.3283217099900371,0.0,0.0,0.0,0.0,0.0,0.0,0.0,0.0,0.04824442230474293,46077,0.2811380949280552,0.106170106560757
SI0303,Arden Heights-Rossville,Non CIP,18240,0.4199561403508772,0.0,0.0,0.0,0.0,0.0,0.0,0.0,0.0,0.06452850877192982,30350,0.3990115321252059,0.1655683690280066
MN0302,Lower East Side,Non CIP,113885,0.4296790622118804,0.0,6.158488706871334e-05,8.780787636651007e-06,6.158488706871334e-05,0.0,0.0,0.0,0.0,0.06423146156210212,302112,0.6230371517847686,0.154187850863256
MN0801,Upper East Side-Lenox Hill-Roosevelt Island,Non CIP,79105,0.4499715567916061,0.0,0.0,0.0,0.0,0.0,0.0,0.0,0.0,0.0635231654130586,122776,0.35569655307226167,0.15773441063400012
QN0705,East Flushing,Non CIP,21229,0.29888360261905883,0.0,0.0,0.0,0.0,0.0,0.0,0.0,0.0,0.05304065193838617,31502,0.3261062789664148,0.09005777410958034
QN0904,Ozone Park (North),Non CIP,30550,0.32268412438625205,0.0,0.0,0.0,0.0,0.0,0.0,0.0,0.0,0.060916530278232406,40764,0.2505642233343146,0.05676577372191149
MN0901,Morningside Heights,Non CIP,52097,0.3477743440121312,0.0,0.0,0.0,0.0,2.9429942023014216e-05,0.0,0.0,0.0,0.06098239821870741,175783,0.703628906094446,0.12042688997229539
QN0704,Murray Hill-Broadway Flushing,Non CIP,42272,0.31796461014383043,0.0,0.0,0.0,0.0,0.0,0.0,0.0,0.0,0.053510598031794095,58338,0.275395111248243,0.07963934313826322
QN1101,Auburndale,Non CIP,32961,0.35563241406510726,0.0,0.0,0.0,0.0,0.0,0.0,0.0,0.0,0.048542216558963625,51465,0.35954532206353834,0.19520062178179345
BK1002,Dyker Heights,Non CIP,42639,0.40247191538263094,0.0,3.924954863019075e-05,2.3452707615094163e-05,3.924954863019075e-05,0.0,0.0,0.0,0.0,0.05340181523956941,68212,0.3749047088488829,0.23875564416818154
BX0801,Kingsbridge Heights-Van Cortlandt Village,Non CIP,45666,0.39169184951605135,0.0,0.0,0.0,0.0,0.0,0.0,0.0,0.0,0.07331493890421759,69617,0.34403953057442865,0.1731760920464829
BX0902,Soundview-Clason Point,Non CIP,52794,0.45342273743228395,0.0,0.0,1.8941546387847104e-05,0.0,0.0,0.0,0.0,0.0,0.0748380497783839,117965,0.5524604755647862,0.09969058619081932
MN0301,Chinatown-Two Bridges,Serious,2413,0.04807293825113966,0.0,0.0,0.0,0.0,0.0,0.0,0.0,0.0,0.0306672192291753,2476,0.02544426494345719,0.02544426494345719
BK0801,Prospect Heights,Non CIP,27616,0.3970162224797219,0.0,0.0,0.0,0.0,0.0,0.0,0.0,0.0,0.05826332560834299,63479,0.5649584902093606,0.16722065564989996
QN0905,Woodhaven,Non CIP,35963,0.2850429608208436,0.0,0.0,2.7806356533103467e-05,3.8892345986309894e-05,0.0,0.0,0.0,0.0,0.054305814309151074,58346,0.3836252699413842,0.06355191444143557
BK1302,Coney Island-Sea Gate,Non Critical,7092,0.11266215454032713,0.0,0.0,0.0,0.0,0.0,0.0,0.0,0.0,0.006345177664974619,8544,0.1699438202247191,0.1699438202247191
BX0901,Soundview-Bruckner-Bronx River,Non CIP,118746,0.4437286308591447,0.0,1.5138899402013474e-05,4.210668148821855e-05,0.0,3.0277798804026948e-05,0.0,0.0,0.0,0.06237683795664696,222721,0.4668396783419615,0.09684762550455503
MN0502,Midtown-Times Square,Critical,3374,0.04890337877889745,0.0,0.0,0.0,0.0,0.0,0.0,0.0,0.0,0.044754001185536456,4496,0.24955516014234874,0.031361209964412814
BK1602,Brownsville,Serious,8613,0.09381168001857657,0.0,0.0,0.0,0.0,0.0,0.0,0.0,0.0,0.020085916637640776,8738,0.014305333028152895,0.014305333028152895
QN0303,North Corona,Non Critical,6849,0.13710030661410424,0.0,0.00016920473773265651,0.0,0.00016920473773265651,0.0,0.0,0.0,0.0,0.004526208205577456,7396,0.07395889670091942,0.07395889670091942
QN0703,Bay Terrace-Clearview,Non CIP,17791,0.3550109605980552,0.0,0.0,0.0,0.0,0.0,0.0,0.0,0.0,0.05469057388567253,28403,0.3736225046650002,0.07030947435130092
QN1201,Jamaica,Non Critical,15798,0.13166223572604127,0.0,0.0,0.0,0.0,0.0,0.0,0.0,0.0,0.007659197366755285,16447,0.03946008390587949,0.03946008390587949
QN1102,Bayside,Non Critical,1410,0.08085106382978724,0.0,0.0,0.0,0.0,0.0,0.0,0.0,0.0,0.01276595744680851,1413,0.0021231422505307855,0.0021231422505307855
BX0702,Bedford Park,Non Critical,8858,0.15195303680289005,0.0,0.0,0.0,0.0,0.0,0.0,0.0,0.0,0.003951230526078121,9290,0.0465016146393972,0.0465016146393972
BX0402,Highbridge,Serious,3743,0.06037937483302164,0.0,0.0005686664771111743,0.0002671653753673524,0.0002843332385555871,0.0,0.0,0.0,0.0,0.030456852791878174,3778,0.009264160931709899,0.009264160931709899
BK1402,Flatbush (West)-Ditmas Park-Parkville,Non Critical,3520,0.09744318181818182,0.0,0.0,0.0,0.0,0.0,0.0,0.0,0.0,0.012215909090909092,3681,0.04373811464276012,0.04373811464276012
MN1201,Washington Heights (South),Serious,4980,0.046987951807228916,0.0,0.0,0.0,0.0,0.0,0.0,0.0,0.0,0.02248995983935743,5069,0.01755770368909055,0.01755770368909055
BX0701,University Heights (North)-Fordham,Critical,2911,0.03091721058055651,0.0,0.0,0.0,0.0,0.0,0.0,0.0,0.0,0.03847475094469255,3680,0.20896739130434783,0.014130434782608696
BK0203,Fort Greene,Non Critical,6425,0.12264591439688716,0.0,0.00017739932588256165,0.0,0.00017739932588256165,0.0,0.0,0.0,0.0,0.011361867704280156,7234,0.11183301078241636,0.11183301078241636
MN0802,Upper East Side-Carnegie Hill,Critical,921,0.03040173724212812,0.0,0.0,0.0,0.0,0.0,0.0,0.0,0.0,0.04668838219326819,1100,0.16272727272727272,0.025454545454545455
BX0502,Mount Hope,Serious,5851,0.08220816954366775,0.0,0.0,0.0,0.0,0.0,0.0,0.0,0.0,0.019142027003930952,5986,0.022552622786501837,0.022552622786501837
MN0501,Midtown South-Flatiron-Union Square,Non Critical,15033,0.23528237876671323,0.0,0.0,0.0,0.0,0.0,0.0,0.0,0.0,0.005920308654293886,17246,0.12831961034442768,0.12831961034442768
BX0301,Morrisania,Non Critical,10092,0.21492271105826397,0.0,0.0,0.0,0.0,0.0,0.0,0.0,0.0,0.007827982560443916,10159,0.006595137316665026,0.006595137316665026
MN0603,Murray Hill-Kips Bay,Non Critical,6976,0.2277809633027523,0.0,0.0,0.0,0.0,0.0,0.0,0.0,0.0,0.006594036697247707,7381,0.05487061373797589,0.05487061373797589
BX0401,Concourse-Concourse Village,Non Critical,14352,0.2394788182831661,0.0,0.0,0.0,0.0,0.0,0.0,0.0,0.0,0.010312151616499442,18903,0.24075543564513568,0.24075543564513568
MN0101,Financial District-Battery Park City,Serious,7357,0.061302161207013726,0.0,0.0,0.0,0.0,0.0,0.0,0.0,0.0,0.011281772461601195,7568,0.027880549682875264,0.027880549682875264
BK1701,East Flatbush-Erasmus,Non Critical,6993,0.0898040898040898,0.0,0.0,0.0,0.0,0.0,0.0,0.0,0.0,0.006435006435006435,7511,0.06896551724137931,0.06896551724137931
QN0706,Queensboro Hill,Non Critical,1055,0.0909952606635071,0.0,0.0,0.0,0.0,0.0,0.0,0.0,0.0,0.005687203791469194,1056,0.000946969696969697,0.000946969696969697
SI0102,Tompkinsville-Stapleton-Clifton-Fox Hills,Critical,986,0.02028397565922921,0.0,0.0,0.0,0.0,0.0,0.0,0.0,0.0,0.0486815415821501,1365,0.27765567765567767,0.005128205128205128
QN0301,Jackson Heights,Serious,7890,0.04790874524714829,0.0,0.0,0.0,0.0,0.0,0.0,0.0,0.0,0.009632446134347276,8186,0.03615929635963841,0.03615929635963841
BK1103,Gravesend (West),Serious,2173,0.031293143120110445,0.0,0.0,0.0,0.0,0.0,0.0,0.0,0.0,0.023469857340082834,2204,0.014065335753176044,0.014065335753176044
MN1203,Inwood,Serious,2615,0.0378585086042065,0.0,0.0,0.0,0.0,0.0,0.0,0.0,0.0,0.023326959847036328,2699,0.031122638014079287,0.031122638014079287
BX1004,Co-op City,Critical,504,0.02976190476190476,0.0,0.0,0.0,0.0,0.0,0.0,0.0,0.0,0.057539682539682536,596,0.15436241610738255,0.010067114093959731
SI0107,Mariner's Harbor-Arlington-Graniteville,Non Critical,3513,0.06347850839738116,0.0,0.0,0.0,0.0,0.0,0.0,0.0,0.0,0.00654711073156846,3519,0.0017050298380221654,0.0017050298380221654
SI0103,Rosebank-Shore Acres-Park Hill,Serious,1673,0.03646144650328751,0.0,0.0,0.0,0.0,0.0,0.0,0.0,0.0,0.013747758517632994,1700,0.01588235294117647,0.01588235294117647
QN0802,Pomonok-Electchester-Hillcrest,Non Critical,2788,0.0824964131994261,0.0,0.0,0.0,0.0,0.0,0.0,0.0,0.0,0.010760401721664276,2794,0.0021474588403722263,0.0021474588403722263
SI0302,Great Kills-Eltingville,Critical,509,0.011787819253438114,0.0,0.0,0.0,0.0,0.0,0.0,0.0,0.0,0.0275049115913556,531,0.04143126177024482,0.003766478342749529
MN1002,Harlem (North),Serious,8104,0.04652023692003949,0.0,0.0,0.0,0.0,0.0,0.0,0.0,0.0,0.024802566633761104,8268,0.01983551040154814,0.01983551040154814
MN0803,Upper East Side-Yorkville,Non Critical,4057,0.1271875770273601,0.0,0.0,0.0,0.0,0.0,0.0,0.0,0.0,0.006162188809465122,4190,0.03174224343675418,0.03174224343675418
BK1301,Gravesend (South),Serious,1317,0.051632498101746395,0.0,0.0,0.0,0.0,0.0,0.0,0.0,0.0,0.019741837509491267,1323,0.0045351473922902496,0.0045351473922902496
QN0104,Astoria (East)-Woodside (North),Critical,1034,0.0183752417794971,0.0,0.0,0.0,0.0,0.0,0.0,0.0,0.0,0.05029013539651837,1454,0.28885832187070154,0.006189821182943604
QN1205,St. Albans,Non Critical,4859,0.07923441037250463,0.0,0.0,0.0,0.0,0.0,0.0,0.0,0.0,0.008026342868903066,4867,0.0016437230326689953,0.0016437230326689953
BK0503,East New York-New Lots,Critical,3045,0.03218390804597701,0.0,0.0,0.0,0.0,0.0,0.0,0.0,0.0,0.04729064039408867,4964,0.38658340048348105,0.004633360193392426
SI0305,Tottenville-Charleston,Critical,227,0.013215859030837005,0.0,0.0,0.0,0.0,0.0,0.0,0.0,0.0,0.02643171806167401,249,0.08835341365461848,0.012048192771084338
BK1501,Gravesend (East)-Homecrest,Non Critical,3402,0.0975896531452087,0.0,0.0,0.0,0.0,0.0,0.0,0.0,0.0,0.00823045267489712,3439,0.01075894155277697,0.01075894155277697
QN0601,Rego Park,Serious,1940,0.028350515463917526,0.0,0.0,0.0,0.0,0.0,0.0,0.0,0.0,0.00979381443298969,1979,0.019706922688226377,0.019706922688226377
QN1304,Cambria Heights,Non Critical,1380,0.07898550724637682,0.0,0.0,0.0,0.0,0.0,0.0,0.0,0.0,0.02246376811594203,1382,0.001447178002894356,0.001447178002894356
BK0601,Carroll Gardens-Cobble Hill-Gowanus-Red Hook,Critical,1760,0.03238636363636364,0.0,0.0,0.0,0.0,0.0,0.0,0.0,0.0,0.04090909090909091,2629,0.3305439330543933,0.003803727653100038
QN1303,Queens Village,Serious,2377,0.02566259991586033,0.0,0.0,0.0,0.0,0.0,0.0,0.0,0.0,0.033655868742111905,2388,0.0046063651591289785,0.0046063651591289785
BX1101,Pelham Parkway-Van Nest,Serious,2306,0.04856895056374675,0.0,0.0,0.0,0.0,0.0,0.0,0.0,0.0,0.029054640069384217,2341,0.0149508756941478,0.0149508756941478
BK1802,Marine Park-Mill Basin-Bergen Beach,Critical,694,0.011527377521613832,0.0,0.0,0.0,0.0,0.0,0.0,0.0,0.0,0.03602305475504323,1082,0.3585951940850277,0.0027726432532347504
QN0602,Forest Hills,Non Critical,5287,0.07168526574616985,0.0,0.0,0.0,0.0,0.0,0.0,0.0,0.0,0.013050879515793456,5404,0.02165062916358253,0.02165062916358253
QN0504,Middle Village,Non Critical,1390,0.045323741007194246,0.0,0.0,0.0,0.0,0.0,0.0,0.0,0.0,0.004316546762589928,1391,0.0007189072609633358,0.0007189072609633358
MN0201,SoHo-Little Italy-Hudson Square,Critical,1164,0.030927835051546393,0.0,0.0,0.0,0.0,0.0,0.0,0.0,0.0,0.041237113402061855,1376,0.15406976744186046,0.02180232558139535
QN1002,Ozone Park,Critical,531,0.015065913370998116,0.0,0.0,0.0,0.0,0.0,0.0,0.0,0.0,0.032015065913371,579,0.08290155440414508,0.0051813471502590676
SI0304,Annadale-Huguenot-Prince's Bay-Woodrow,Serious,543,0.029465930018416207,0.0,0.0,0.0,0.0,0.0,0.0,0.0,0.0,0.058931860036832415,548,0.009124087591240875,0.009124087591240875
QN1003,Howard Beach-Lindenwood,Critical,472,0.029661016949152543,0.0,0.0,0.0,0.0,0.0,0.0,0.0,0.0,0.04449152542372881,532,0.11278195488721804,0.0
QN0105,Queensbridge-Ravenswood-Dutch Kills,Critical,1546,0.02069857697283312,0.0,0.0,0.0,0.0,0.0,0.0,0.0,0.0,0.06080206985769728,1937,0.20185854414042334,0.004646360351058337
BX0803,Riverdale-Spuyten Duyvil,Non Critical,2331,0.12183612183612183,0.0,0.0,0.0,0.0,0.0,0.0,0.0,0.0,0.010725010725010725,2379,0.0201765447667087,0.0201765447667087
BK1203,Kensington,Critical,517,0.015473887814313346,0.0,0.0,0.0,0.0,0.0,0.0,0.0,0.0,0.03288201160541586,718,0.2799442896935933,0.004178272980501393
QN1403,Breezy Point-Belle Harbor-Rockaway Park-Broad Channel,Critical,421,0.011876484560570071,0.0,0.0,0.0,0.0,0.0,0.0,0.0,0.0,0.0332541567695962,491,0.1425661914460285,0.006109979633401222
QN0801,Kew Gardens Hills,Critical,440,0.01818181818181818,0.0,0.0,0.0,0.0,0.0,0.0,0.0,0.0,0.029545454545454545,453,0.02869757174392936,0.004415011037527594
BK0701,Windsor Terrace-South Slope,Non Critical,903,0.11738648947951273,0.0,0.0,0.0,0.0,0.0,0.0,0.0,0.0,0.013289036544850499,926,0.024838012958963283,0.024838012958963283
QN1301,Glen Oaks-Floral Park-New Hyde Park,Serious,771,0.06744487678339818,0.0,0.0,0.0,0.0,0.0,0.0,0.0,0.0,0.018158236057068743,782,0.014066496163682864,0.014066496163682864
SI0202,New Dorp-Midland Beach,Critical,431,0.016241299303944315,0.0,0.0,0.0,0.0,0.0,0.0,0.0,0.0,0.04408352668213457,462,0.0670995670995671,0.0
QN1103,Douglaston-Little Neck,Critical,218,0.01834862385321101,0.0,0.0,0.0,0.0,0.0,0.0,0.0,0.0,0.05504587155963303,234,0.06837606837606838,0.0
BX1004,Co-op City,Non CIP,39956,0.45197216938632495,0.0,0.0,0.0,0.0,0.0,0.0,0.0,0.0,0.07535789368305136,54803,0.2709158257759612,0.06760578800430633
QN1003,Howard Beach-Lindenwood,Non CIP,31915,0.3047783174056086,0.0,0.0,0.0,0.0,0.0,0.0,0.0,0.0,0.05990913363622121,65378,0.5118388448713634,0.048242528067545656
BK0503,East New York-New Lots,Non CIP,107360,0.4337649031296572,0.0,0.0,0.0,0.0,0.0,0.0,0.0,0.0,0.07163748137108793,252818,0.5753466920867976,0.09589111534779961
QN1002,Ozone Park,Non CIP,27004,0.2793660198489113,0.0,5.1387461459403907e-05,0.0,0.00015416238437821172,0.0,0.0,0.0,0.0,0.054658569100873945,93844,0.7122458548228976,0.05597587485614424
MN0502,Midtown-Times Square,Non CIP,309329,0.5662514668847731,0.0,4.4719052552339924e-05,2.586243126250691e-05,2.981270170155995e-05,0.0,0.0,0.0,0.0,0.04396936595016956,864584,0.6422221553949645,0.11623971759829005
BK0504,Spring Creek-Starrett City,Non Critical,2256,0.20434397163120568,0.0,0.0,0.0,0.0,0.0,0.0,0.0,0.0,0.016843971631205674,2264,0.0035335689045936395,0.0035335689045936395
QN1001,South Ozone Park,Serious,5795,0.0274374460742019,0.0,0.0,0.0,0.0,0.0,0.0,0.0,0.0,0.020534943917169975,5854,0.010078578749572941,0.010078578749572941
BX0701,University Heights (North)-Fordham,Non CIP,97182,0.43554361918873863,0.0,1.8229878771306172e-05,0.0,1.8229878771306172e-05,0.0,0.0,0.0,0.0,0.061441419192854646,214346,0.5466115532830097,0.09942336222742669
SI0305,Tottenville-Charleston,Non CIP,20855,0.4064253176696236,0.0,0.0,0.0,0.0,0.0,0.0,0.0,0.0,0.0518340925437545,42498,0.5092710245188009,0.12049978822532825
QN1103,Douglaston-Little Neck,Non CIP,26558,0.37676029821522705,0.0,0.0,0.0,0.0,0.0,0.0,0.0,0.0,0.04435574967994578,39219,0.3228282210153242,0.13840230500522707
BK0601,Carroll Gardens-Cobble Hill-Gowanus-Red Hook,Non CIP,104770,0.40531640736852154,0.0,1.605007623786213e-05,9.544716999140975e-06,1.605007623786213e-05,1.605007623786213e-05,0.0,0.0,0.0,0.053841748592154244,313884,0.6662142702399613,0.12724445973671802
SI0302,Great Kills-Eltingville,Non CIP,37767,0.3902348611221437,0.0,4.342350948803682e-05,0.0,4.342350948803682e-05,0.0,0.0,0.0,0.0,0.06577170545714513,57480,0.34295407098121083,0.13136743215031316
QN0105,Queensbridge-Ravenswood-Dutch Kills,Non CIP,82754,0.3109819464920125,0.0,1.7538013644574617e-05,0.0,1.7538013644574617e-05,0.0,0.0,0.0,0.0,0.06402107450999348,161445,0.48741676732014,0.10117996841029453
MN0801,Upper East Side-Lenox Hill-Roosevelt Island,Critical,740,0.032432432432432434,0.0,0.0,0.0,0.0,0.0,0.0,0.0,0.0,0.03783783783783784,822,0.09975669099756691,0.006082725060827251
MN0802,Upper East Side-Carnegie Hill,Non CIP,95586,0.41742514594187435,0.0,0.0,0.0,0.0,0.0,0.0,0.0,0.0,0.047925428410018206,247110,0.6131844118004127,0.09819918255028125
SI0102,Tompkinsville-Stapleton-Clifton-Fox Hills,Non CIP,39479,0.3551508396869222,0.0,7.85607667530835e-05,0.0,7.85607667530835e-05,0.0,0.0,0.0,0.0,0.07804149041262444,103495,0.6185419585487222,0.11981255133098218
BX0901,Soundview-Bruckner-Bronx River,Critical,3308,0.03143893591293833,0.0,0.0,0.0,0.0,0.0,0.0,0.0,0.0,0.041112454655380895,4478,0.26127735596248325,0.013398838767306834
QN0801,Kew Gardens Hills,Non CIP,26901,0.35600907029478457,0.0,0.0,3.717333928106762e-05,0.0,0.0,0.0,0.0,0.0,0.058659529385524704,37765,0.28767377201112143,0.10064874884151992
QN0401,Elmhurst,Non Critical,8373,0.09160396512600023,0.0,0.0,0.0,0.0,0.0,0.0,0.0,0.0,0.005852143795533261,8569,0.022873147391761,0.022873147391761
MN0201,SoHo-Little Italy-Hudson Square,Non CIP,91904,0.40697902158774374,0.0,0.0,2.176183844011142e-05,0.0,0.0,0.0,0.0,0.0,0.03585262883008357,185072,0.5034148871790438,0.12159591942595314
BX0802,Kingsbridge-Marble Hill,Non Critical,3087,0.1282798833819242,0.0,0.0,0.0,0.0,0.0,0.0,0.0,0.0,0.010689990281827016,3115,0.008988764044943821,0.008988764044943821
SI0202,New Dorp-Midland Beach,Non CIP,31249,0.3816122115907709,0.0,0.0,0.0,0.0,0.0,0.0,0.0,0.0,0.06185797945534257,55669,0.4386642476063878,0.1533528534732077
QN1403,Breezy Point-Belle Harbor-Rockaway Park-Broad Channel,Non CIP,27809,0.2724657484986875,0.0,0.0,0.0,0.0,0.0,0.0,0.0,0.0,0.08493653133877521,121693,0.771482336699728,0.08445843228451924
BK1203,Kensington,Non CIP,35303,0.3382715349970257,0.0,0.0,0.0,0.0,0.0,0.0,0.0,0.0,0.05268674050363992,67335,0.47571099725254323,0.1404470186381525
QN0905,Woodhaven,Critical,809,0.0173053152039555,0.0,0.0,0.0,0.0,0.0,0.0,0.0,0.0,0.04449938195302843,873,0.07331042382588775,0.002290950744558992
QN0104,Astoria (East)-Woodside (North),Non CIP,56729,0.28526855752789576,0.0,0.0,1.7627668388302278e-05,0.0,0.0,0.0,0.0,0.0,0.05143753635706605,94214,0.39787080476362324,0.10340289129004182
BK0301,Bedford-Stuyvesant (West),Non Critical,12514,0.1293750998881253,0.0,0.0,0.0,0.0,0.0,0.0,0.0,0.0,0.007511587022534761,15279,0.18096734079455462,0.18096734079455462
BK1802,Marine Park-Mill Basin-Bergen Beach,Non CIP,46673,0.3304694362907891,0.0,0.0,0.0,0.0,0.0,0.0,0.0,0.0,0.04152293617294796,86465,0.46020933325623087,0.1431793211125889
BK0402,Bushwick (East),Critical,2534,0.06471981057616416,0.0,0.0,0.0,0.0,0.0,0.0,0.0,0.0,0.03591160220994475,3154,0.19657577679137603,0.008560558021559923
QN1204,Springfield Gardens (North)-Rochdale Village,Non Critical,2757,0.06492564381574174,0.0,0.0,0.0,0.0,0.0,0.0,0.0,0.0,0.00797968806673921,2761,0.0014487504527345165,0.0014487504527345165
BX0101,Mott Haven-Port Morris,Non Critical,13472,0.23359560570071258,0.0,0.0,7.422802850356295e-05,0.0,0.0,0.0,0.0,0.0,0.01083729216152019,16001,0.15805262171114307,0.15805262171114307
BK1502,Madison,Non Critical,2883,0.09642733263961152,0.0,0.0,0.0,0.0,0.0,0.0,0.0,0.0,0.012833853624696497,3143,0.08272351256761057,0.08272351256761057
QN1202,South Jamaica,Critical,1738,0.018411967779056387,0.0,0.0,0.0,0.0,0.0,0.0,0.0,0.0,0.04200230149597238,2502,0.3053557154276579,0.004396482813749001
BX0703,Norwood,Critical,1625,0.02646153846153846,0.0,0.0,0.0,0.0,0.0,0.0,0.0,0.0,0.036307692307692305,2150,0.2441860465116279,0.0060465116279069765
BX0302,Claremont Village-Claremont (East),Non Critical,4830,0.22236024844720498,0.0,0.0,0.0,0.0,0.0,0.0,0.0,0.0,0.010766045548654244,4860,0.006172839506172839,0.006172839506172839
MN1202,Washington Heights (North),Critical,1889,0.04129168872419269,0.0,0.0,0.0,0.0,0.0,0.0,0.0,0.0,0.035997882477501325,2416,0.21812913907284767,0.009519867549668874
BK1201,Sunset Park (East)-Borough Park (West),Non Critical,2353,0.09264768380790481,0.0,0.0,0.0,0.0,0.0,0.0,0.0,0.0,0.011474713132171696,2393,0.01671541997492687,0.01671541997492687
BK1303,Brighton Beach,Non Critical,3785,0.1107001321003963,0.0,0.0,0.0,0.0,0.0,0.0,0.0,0.0,0.006340819022457068,3920,0.03443877551020408,0.03443877551020408
MN0203,West Village,Non Critical,5615,0.171326803205699,0.0,0.0,0.0,0.0,0.0,0.0,0.0,0.0,0.011219946571682992,6433,0.12715684750505207,0.12715684750505207
BK1503,Sheepshead Bay-Manhattan Beach-Gerritsen Beach,Serious,3177,0.05036197670758577,0.0,0.0,0.0,0.0,0.0,0.0,0.0,0.0,0.021403840100723954,3196,0.005944931163954944,0.005944931163954944
QN0804,Jamaica Estates-Holliswood,Non Critical,2306,0.1266261925411969,0.0,0.0,0.0,0.0,0.0,0.0,0.0,0.0,0.007372072853425846,2404,0.04076539101497504,0.04076539101497504
MN0303,East Village,Critical,2266,0.03133274492497794,0.0,0.0,0.0,0.0,0.0,0.0,0.0,0.0,0.029567519858781994,2782,0.1854780733285406,0.005751258087706686
MN0604,East Midtown-Turtle Bay,Serious,5050,0.11247524752475248,0.0,0.0,0.0,0.0,0.0,0.0,0.0,0.0,0.013069306930693069,5295,0.04627006610009443,0.04627006610009443
QN0501,Maspeth,Non Critical,2290,0.06812227074235808,0.0,0.00046860356138706655,0.0,0.00046860356138706655,0.0,0.0,0.0,0.0,0.005676855895196507,2296,0.002613240418118467,0.002613240418118467
BK0901,Crown Heights (South),Serious,2651,0.03281780460203697,0.0,0.0,0.0,0.0,0.0,0.0,0.0,0.0,0.03017729158807997,2714,0.023212969786293294,0.023212969786293294
QN0302,East Elmhurst,Non Critical,3219,0.09226467847157502,0.0,0.0,0.0,0.0,0.0,0.0,0.0,0.0,0.005591798695246971,3226,0.0021698698078115313,0.0021698698078115313
QN0903,South Richmond Hill,Serious,2169,0.029045643153526972,0.0,0.0,0.0,0.0,0.0,0.0,0.0,0.0,0.0119870908252651,2179,0.004589261128958238,0.004589261128958238
BX1203,Wakefield-Woodlawn,Non Critical,6745,0.16041512231282432,0.0,0.0,0.0,0.0,0.0,0.0,0.0,0.0,0.004595997034840623,7426,0.09170482089954216,0.09170482089954216
BK0202,Downtown Brooklyn-DUMBO-Boerum Hill,Critical,1822,0.015367727771679473,0.0,0.0,0.0,0.0,0.0,0.0,0.0,0.0,0.04610318331503842,2352,0.22534013605442177,0.016156462585034014
BX0602,Tremont,Serious,4408,0.047186932849364795,0.0,0.0,0.0,0.0,0.0,0.0,0.0,0.0,0.027903811252268602,4461,0.011880744227751625,0.011880744227751625
BK1801,Flatlands,Critical,1397,0.015032211882605583,0.0,0.0,0.0,0.0,0.0,0.0,0.0,0.0,0.031496062992125984,2782,0.49784327821711,0.0014378145219266715
BX1202,Eastchester-Edenwald-Baychester,Serious,4208,0.06297528517110267,0.0,0.000253613999492772,0.0,0.000253613999492772,0.0,0.0,0.0,0.0,0.028041825095057035,4253,0.010580766517752175,0.010580766517752175
BK0602,Park Slope,Serious,2598,0.059276366435719784,0.0,0.0,0.0,0.0,0.0,0.0,0.0,0.0,0.020015396458814474,2662,0.02404207362885049,0.02404207362885049
QN0402,Corona,Serious,3836,0.025286757038581856,0.0,0.0,0.0,0.0,0.0,0.0,0.0,0.0,0.014859228362877997,3895,0.015147625160462131,0.015147625160462131
BK0502,East New York (North),Non Critical,9312,0.20661512027491408,0.0,0.0,0.0,0.0,0.0,0.0,0.0,0.0,0.0117053264604811,9786,0.04843654199877376,0.04843654199877376
BX0902,Soundview-Clason Point,Critical,1069,0.03274087932647334,0.0,0.0,0.0,0.0,0.0,0.0,0.0,0.0,0.07296538821328344,1628,0.34336609336609336,0.015356265356265357
SI0204,New Springville-Willowbrook-Bulls Head-Travis,Non Critical,2552,0.09286833855799373,0.0,0.0,0.0,0.0,0.0,0.0,0.0,0.0,0.009012539184952978,2561,0.003514252245216712,0.003514252245216712
BK0101,Greenpoint,Non Critical,3717,0.09443099273607748,0.0,0.0,0.0,0.0,0.0,0.0,0.0,0.0,0.005649717514124294,3887,0.043735528685361465,0.043735528685361465
BK0204,Clinton Hill,Serious,889,0.03712035995500562,0.0,0.0,0.0,0.0,0.0,0.0,0.0,0.0,0.023622047244094488,896,0.0078125,0.0078125
BX0904,Parkchester,Serious,2423,0.0680973999174577,0.0,0.0,0.0,0.0,0.0,0.0,0.0,0.0,0.025175402393726783,2602,0.06879323597232898,0.06879323597232898
BX0201,Hunts Point,Serious,2219,0.047769265434880574,0.0,0.0,0.0,0.0,0.0,0.0,0.0,0.0,0.028391167192429023,2275,0.024615384615384615,0.024615384615384615
SI0101,St. George-New Brighton,Serious,2472,0.04004854368932039,0.0,0.0,0.0,0.0,0.0,0.0,0.0,0.0,0.023462783171521034,2575,0.04,0.04
BX0501,University Heights (South)-Morris Heights,Non Critical,9665,0.2097258147956544,0.0,0.0,0.0,0.0,0.0,0.0,0.0,0.0,0.005069839627521986,11210,0.13782337198929528,0.13782337198929528
QN0704,Murray Hill-Broadway Flushing,Critical,715,0.012587412587412588,0.0,0.0,0.0,0.0,0.0,0.0,0.0,0.0,0.04895104895104895,739,0.03247631935047361,0.0
BX1002,Throgs Neck-Schuylerville,Serious,2199,0.045020463847203276,0.0,0.0,0.0,0.0,0.0,0.0,0.0,0.0,0.02455661664392906,2246,0.020926090828138913,0.020926090828138913
QN0805,Jamaica Hills-Briarwood,Serious,1630,0.03680981595092025,0.0,0.0,0.0,0.0,0.0,0.0,0.0,0.0,0.046012269938650305,1646,0.009720534629404616,0.009720534629404616
MN0702,Upper West Side (Central),Serious,8613,0.09729478694995937,0.0,0.0,0.0,0.0,0.0,0.0,0.0,0.0,0.013235806339254615,8815,0.022915484968803176,0.022915484968803176
BX0903,Castle Hill-Unionport,Serious,2635,0.050094876660341556,0.0,0.0,0.0,0.0,0.0,0.0,0.0,0.0,0.026185958254269448,2697,0.022988505747126436,0.022988505747126436
SI0106,Port Richmond,Serious,2212,0.02667269439421338,0.0,0.0,0.0,0.0,0.0,0.0,0.0,0.0,0.023508137432188065,2239,0.01205895489057615,0.01205895489057615
MN0202,Greenwich Village,Critical,1041,0.03073967339097022,0.0,0.0,0.0,0.0,0.0,0.0,0.0,0.0,0.04130643611911623,1184,0.12077702702702703,0.01266891891891892
SI0301,Oakwood-Richmondtown,Serious,509,0.029469548133595286,0.0,0.0,0.0,0.0,0.0,0.0,0.0,0.0,0.03536345776031434,520,0.021153846153846155,0.021153846153846155
QN1302,Bellerose,Serious,922,0.10303687635574837,0.0,0.0,0.0,0.0,0.0,0.0,0.0,0.0,0.08568329718004339,927,0.005393743257820928,0.005393743257820928
BX0603,Belmont,Serious,6133,0.07989564650252731,0.0,0.0,0.0,0.0,0.0,0.0,0.0,0.0,0.021033751834338824,6371,0.037356772877099355,0.037356772877099355
QN1101,Auburndale,Critical,419,0.021479713603818614,0.0,0.0,0.0,0.0,0.0,0.0,0.0,0.0,0.05250596658711217,435,0.0367816091954023,0.004597701149425287
QN0703,Bay Terrace-Clearview,Critical,184,0.010869565217391304,0.0,0.0,0.0,0.0,0.0,0.0,0.0,0.0,0.06521739130434782,195,0.05641025641025641,0.0
BX1001,Westchester Square,Serious,1431,0.041928721174004195,0.0,0.0,0.0,0.0,0.0,0.0,0.0,0.0,0.025157232704402517,1467,0.024539877300613498,0.024539877300613498
QN1206,Hollis,Non Critical,2341,0.11362665527552328,0.0,0.0,0.0,0.0,0.0,0.0,0.0,0.0,0.007689021785561726,2343,0.0008536064874093043,0.0008536064874093043
SI0105,Westerleigh-Castleton Corners,Non Critical,1379,0.09282088469905729,0.0,0.0,0.0,0.0,0.0,0.0,0.0,0.0,0.009427121102248005,1380,0.0007246376811594203,0.0007246376811594203
MN0302,Lower East Side,Critical,1774,0.02818489289740699,0.0,0.0,0.0,0.0,0.0,0.0,0.0,0.0,0.052423900789177004,2155,0.17679814385150813,0.01531322505800464
BX0801,Kingsbridge Heights-Van Cortlandt Village,Critical,1253,0.02713487629688747,0.0,0.0,0.0,0.0,0.0,0.0,0.0,0.0,0.040702314445331206,1387,0.0966113914924297,0.004325883201153569
BK0703,Sunset Park (Central),Serious,2105,0.039904988123515436,0.0,0.0,0.0,0.0,0.0,0.0,0.0,0.0,0.014726840855106888,2135,0.01405152224824356,0.01405152224824356
SI0201,Grasmere-Arrochar-South Beach-Dongan Hills,Serious,1791,0.01786711334450028,0.0,0.0,0.0,0.0,0.0,0.0,0.0,0.0,0.026242322724734785,1810,0.010497237569060774,0.010497237569060774
QN0503,Glendale,Critical,528,0.015151515151515152,0.0,0.0,0.0,0.0,0.0,0.0,0.0,0.0,0.03977272727272727,560,0.05714285714285714,0.0035714285714285713
QN0902,Richmond Hill,Critical,1089,0.014692378328741965,0.0,0.0,0.0,0.0,0.0,0.0,0.0,0.0,0.03489439853076217,1136,0.04137323943661972,0.002640845070422535
MN0601,Stuyvesant Town-Peter Cooper Village,Non Critical,1107,0.26558265582655827,0.0,0.0,0.0,0.0,0.0,0.0,0.0,0.0,0.031616982836495035,1237,0.10509296685529507,0.10509296685529507
QN0904,Ozone Park (North),Critical,649,0.01078582434514638,0.0,0.0,0.0,0.0,0.0,0.0,0.0,0.0,0.046224961479198766,691,0.060781476121562955,0.002894356005788712
QN0102,Old Astoria-Hallets Point,Serious,1476,0.037940379403794036,0.0,0.0,0.0,0.0,0.0,0.0,0.0,0.0,0.02168021680216802,1492,0.010723860589812333,0.010723860589812333
QN0705,East Flushing,Critical,400,0.0025,0.0,0.0,0.0,0.0,0.0,0.0,0.0,0.0,0.0425,408,0.0196078431372549,0.0
BK1702,East Flatbush-Farragut,Serious,2051,0.027303754266211604,0.0,0.0,0.0,0.0,0.0,0.0,0.0,0.0,0.019502681618722574,2102,0.024262607040913417,0.024262607040913417
BK1102,Bath Beach,Serious,1396,0.04297994269340974,0.0,0.0,0.0,0.0,0.0,0.0,0.0,0.0,0.014326647564469915,1445,0.033910034602076124,0.033910034602076124
MN0102,Tribeca-Civic Center,Critical,687,0.042212518195050945,0.0,0.0,0.0,0.0,0.0,0.0,0.0,0.0,0.055312954876273655,860,0.20116279069767443,0.010465116279069767
QN0201,Long Island City-Hunters Point,Serious,3522,0.05053946621237933,0.0,0.0,0.0,0.0,0.0,0.0,0.0,0.0,0.01590005678591709,3596,0.020578420467185762,0.020578420467185762
BK1202,Borough Park,Non Critical,2756,0.08309143686502177,0.0,0.0,0.0,0.0,0.0,0.0,0.0,0.0,0.010159651669085631,2864,0.03770949720670391,0.03770949720670391
BK1204,Mapleton-Midwood (West),Serious,1275,0.03686274509803922,0.0,0.0,0.0,0.0,0.0,0.0,0.0,0.0,0.018823529411764704,1282,0.00546021840873635,0.00546021840873635
BK1002,Dyker Heights,Critical,590,0.061016949152542375,0.0,0.0,0.0,0.0,0.0,0.0,0.0,0.0,0.04915254237288136,627,0.05901116427432217,0.0
MN0901,Morningside Heights,Critical,741,0.048582995951417005,0.0,0.0,0.0,0.0,0.0,0.0,0.0,0.0,0.05668016194331984,1014,0.2692307692307692,0.008875739644970414
BK0801,Prospect Heights,Critical,393,0.02544529262086514,0.0,0.0,0.0,0.0,0.0,0.0,0.0,0.0,0.03816793893129771,482,0.18464730290456433,0.01037344398340249
QN0702,Whitestone-Beechhurst,Critical,381,0.010498687664041995,0.0,0.0,0.0,0.0,0.0,0.0,0.0,0.0,0.06824146981627296,393,0.030534351145038167,0.002544529262086514
SI0303,Arden Heights-Rossville,Critical,174,0.011494252873563218,0.0,0.0,0.0,0.0,0.0,0.0,0.0,0.0,0.011494252873563218,185,0.05945945945945946,0.0
QN1104,Oakland Gardens-Hollis Hills,Serious,447,0.020134228187919462,0.0,0.0,0.0,0.0,0.0,0.0,0.0,0.0,0.04697986577181208,450,0.006666666666666667,0.006666666666666667
